game_id,week,home_team,away_team,went_ot,home_shots,away_shots,home_xg,away_xg,home_max_xg,away_max_xg,home_goals,away_goals,home_penalties_taken,away_penalties_taken,home_penalties_drawn,away_penalties_drawn,home_penalty_minutes,away_penalty_minutes
1,1,Richardhaven,Pennytown,0,35,19,3.3285,1.5551,0.1449,0.121,4,1,4,4,4,4,8,8
2,1,Davistown,Port Kristieberg,0,24,18,2.8111,2.3728,0.1783,0.2195,4,2,8,5,5,8,22,13
3,1,West Susanchester,Lake David,0,38,18,3.1507,2.4994,0.2131,0.2402,4,3,8,5,5,8,16,10
4,1,West Zachary,Jordanland,0,30,18,4.0533,1.9148,0.1922,0.1427,3,2,5,6,6,5,10,12
5,1,Port David,West Kimfurt,0,23,33,2.4755,3.9465,0.1773,0.2431,0,1,8,3,3,8,16,6
6,1,North Connorchester,North Chelseamouth,0,27,25,3.4657,2.8674,0.1675,0.1688,7,1,8,9,9,8,18,18
7,1,West Erin,Jamesmouth,1,31,23,3.4089,2.7939,0.2149,0.182,2,3,6,6,6,6,12,12
8,1,West Michaelview,North Brianside,1,25,33,2.8556,3.8451,0.2219,0.2299,3,2,4,6,6,4,8,12
9,1,Port Chris,Barnesburgh,0,26,27,3.3766,3.7812,0.1716,0.239,4,3,6,7,7,6,12,14
10,1,Jeffreyville,Christopherhaven,0,31,23,3.9705,2.5466,0.1981,0.1638,2,3,8,5,5,8,16,10
11,1,North Susanberg,Nelsonhaven,0,38,33,4.5084,4.1547,0.2516,0.1849,4,2,5,5,5,5,10,10
12,1,East Sarahhaven,Hunterborough,0,30,34,3.4768,3.2097,0.1785,0.1383,6,1,5,7,7,5,10,14
13,1,Luistown,South Lauren,0,27,27,2.8584,3.7216,0.2039,0.2453,3,4,9,6,6,9,18,14
14,1,South Samuelberg,South Kelseyton,1,33,33,3.6331,3.4602,0.1944,0.2139,3,2,8,9,9,8,16,18
15,1,Danielsburgh,Lake Shaunfort,0,32,32,3.724,4.3177,0.1831,0.2563,2,4,7,5,5,7,17,10
16,2,Jeffreyville,West Zachary,0,31,24,3.4952,2.7504,0.1737,0.2207,2,3,8,9,9,8,16,18
17,2,East Sarahhaven,Davistown,0,25,27,2.6456,2.7453,0.231,0.2066,2,4,8,6,6,8,16,12
18,2,West Susanchester,Port David,0,22,33,2.3071,4.417,0.2344,0.2267,6,4,10,4,4,10,20,8
19,2,West Erin,Luistown,0,36,21,4.6634,1.9263,0.2454,0.1433,4,1,4,8,8,4,8,16
20,2,Richardhaven,Port Kristieberg,0,37,24,4.0547,2.4399,0.1631,0.1613,5,3,4,5,5,4,8,10
21,2,South Lauren,Port Chris,1,36,21,4.8056,2.5131,0.2428,0.2047,5,4,3,6,6,3,6,12
22,2,South Samuelberg,North Susanberg,1,30,32,3.9538,3.0987,0.2542,0.2047,4,5,5,8,8,5,10,16
23,2,Nelsonhaven,North Brianside,0,33,38,4.4872,5.1277,0.2514,0.1952,5,6,8,8,8,8,16,16
24,2,North Chelseamouth,Christopherhaven,0,31,23,5.1189,3.2706,0.2201,0.2606,1,2,10,5,5,10,20,10
25,2,Jordanland,Hunterborough,0,20,34,1.6054,4.5395,0.1339,0.1725,2,5,7,4,4,7,14,8
26,2,Barnesburgh,Lake Shaunfort,1,25,38,2.9698,4.2844,0.1656,0.2231,3,4,10,7,7,10,20,14
27,2,Lake David,Pennytown,1,37,37,3.806,2.3721,0.1565,0.1404,3,2,8,8,8,8,18,16
28,2,Jamesmouth,West Kimfurt,0,28,12,3.3844,0.8719,0.1619,0.0843,3,0,0,4,4,0,0,8
29,2,North Connorchester,South Kelseyton,0,20,21,2.1179,2.5507,0.1859,0.2476,0,1,10,2,2,10,20,4
30,2,Danielsburgh,West Michaelview,0,23,30,2.1254,3.2061,0.1274,0.1739,4,3,5,5,5,5,10,10
31,3,Christopherhaven,Port David,1,40,20,4.0012,3.3328,0.1835,0.2467,3,4,9,5,5,9,20,10
32,3,West Susanchester,Barnesburgh,0,25,21,2.6286,2.9644,0.1523,0.2309,3,0,7,3,3,7,16,6
33,3,Jordanland,Davistown,0,21,23,2.0405,2.9936,0.2019,0.2056,4,2,4,5,5,4,8,10
34,3,Lake Shaunfort,West Erin,0,23,22,2.5862,2.6724,0.2144,0.24,4,0,5,5,5,5,10,10
35,3,Port Chris,Hunterborough,0,29,35,4.1463,4.6999,0.2407,0.174,2,7,6,5,5,6,12,12
36,3,Nelsonhaven,South Samuelberg,1,32,22,3.7592,2.7415,0.2441,0.1799,2,3,9,8,8,9,18,16
37,3,North Brianside,South Kelseyton,0,33,27,3.7033,3.2669,0.1917,0.1791,1,3,7,4,4,7,14,8
38,3,West Kimfurt,Port Kristieberg,0,29,31,3.109,3.8678,0.2224,0.2616,6,5,7,3,3,7,14,6
39,3,North Connorchester,West Zachary,0,25,41,3.3778,5.2856,0.2301,0.2385,1,3,9,6,6,9,18,12
40,3,Richardhaven,Danielsburgh,0,29,30,3.229,2.8334,0.1638,0.1431,7,4,12,8,8,12,24,16
41,3,East Sarahhaven,West Michaelview,0,26,26,3.085,2.2215,0.1666,0.1377,5,0,6,8,8,6,12,16
42,3,North Susanberg,South Lauren,0,21,27,1.703,2.6202,0.1406,0.147,2,3,5,4,4,5,10,8
43,3,North Chelseamouth,Jeffreyville,0,27,32,4.0473,3.7284,0.2807,0.215,4,3,9,5,5,9,18,10
44,3,Jamesmouth,Pennytown,0,33,30,3.4341,2.9423,0.1459,0.1469,3,5,7,5,5,7,14,10
45,3,Lake David,Luistown,0,26,26,3.196,1.7163,0.1772,0.1251,4,3,7,6,6,7,14,12
46,4,Richardhaven,Davistown,0,35,22,3.8279,2.1427,0.2238,0.1679,4,2,6,9,9,6,12,18
47,4,East Sarahhaven,Barnesburgh,0,41,25,5.2508,2.9799,0.1919,0.2158,7,1,7,6,6,7,14,12
48,4,South Samuelberg,North Brianside,0,23,29,3.0366,3.4687,0.246,0.22,2,4,9,6,6,9,18,12
49,4,Port David,Pennytown,1,41,30,4.1893,3.1809,0.2214,0.1511,4,3,9,8,8,9,18,18
50,4,Jordanland,West Zachary,0,24,36,2.1936,5.7022,0.1282,0.2592,0,5,13,4,4,13,26,8
51,4,Hunterborough,South Lauren,0,33,24,3.553,2.5418,0.2012,0.1426,5,1,4,6,6,4,8,12
52,4,Lake Shaunfort,Lake David,1,30,17,2.2675,1.6617,0.1972,0.1554,4,3,2,5,5,2,4,10
53,4,Nelsonhaven,Port Chris,1,23,28,3.073,3.6236,0.1881,0.2137,3,2,4,3,3,4,8,6
54,4,South Kelseyton,Port Kristieberg,0,24,29,3.2845,4.2247,0.2394,0.2224,1,5,12,6,6,12,24,12
55,4,North Susanberg,West Susanchester,0,36,25,4.5981,2.2719,0.2028,0.1387,4,1,2,6,6,2,4,12
56,4,West Erin,North Chelseamouth,1,37,38,4.2064,4.8859,0.1588,0.2245,3,2,8,4,4,8,16,8
57,4,Jeffreyville,West Kimfurt,0,21,30,1.9854,2.9512,0.1397,0.1599,2,1,5,5,5,5,10,10
58,4,West Michaelview,Christopherhaven,0,18,32,2.4246,3.7653,0.2392,0.2375,6,5,8,5,5,8,18,10
59,4,Jamesmouth,Danielsburgh,0,22,27,2.7222,2.7794,0.1947,0.2157,2,3,3,2,2,3,6,4
60,4,North Connorchester,Luistown,0,20,28,2.317,3.0183,0.1679,0.2063,3,2,4,4,4,4,8,8
61,5,Barnesburgh,South Samuelberg,0,24,21,2.9282,1.9548,0.1514,0.1506,5,1,3,4,4,3,8,8
62,5,Hunterborough,Davistown,0,32,19,3.1415,2.3064,0.1397,0.1792,4,1,7,3,3,7,14,6
63,5,North Brianside,West Kimfurt,0,25,33,3.4154,4.9634,0.2443,0.231,3,6,10,6,6,10,20,12
64,5,West Erin,Jordanland,0,25,25,2.925,2.5704,0.1728,0.1844,3,2,7,4,4,7,14,8
65,5,Port David,Christopherhaven,0,21,22,3.0508,2.0584,0.1888,0.1201,3,0,1,8,8,1,2,16
66,5,South Lauren,West Zachary,0,26,21,3.1788,1.9981,0.2207,0.1636,1,3,6,4,4,6,12,10
67,5,West Michaelview,Lake David,0,29,27,2.383,2.7117,0.1595,0.1558,4,5,8,7,7,8,16,14
68,5,Richardhaven,North Susanberg,1,29,40,3.0122,3.6411,0.1683,0.226,2,3,8,2,2,8,16,4
69,5,West Susanchester,Port Kristieberg,0,17,28,1.9679,4.0644,0.1703,0.2585,2,7,4,2,2,4,8,4
70,5,Jamesmouth,Port Chris,0,35,25,5.1344,3.5514,0.2535,0.2467,4,5,10,4,4,10,20,10
71,5,Pennytown,Lake Shaunfort,0,32,27,3.8911,2.5304,0.1745,0.1756,4,3,3,5,5,3,6,10
72,5,Luistown,East Sarahhaven,1,22,34,2.3868,4.4701,0.2271,0.2582,2,1,10,8,8,10,22,16
73,5,South Kelseyton,Nelsonhaven,0,36,18,4.8496,1.9346,0.2588,0.1692,7,3,2,5,5,2,4,10
74,5,North Chelseamouth,North Connorchester,0,22,43,2.7502,5.3541,0.1657,0.1508,2,7,5,4,4,5,10,8
75,5,Jeffreyville,Danielsburgh,0,35,31,3.7548,3.0859,0.1657,0.1445,2,3,6,4,4,6,12,8
76,6,Davistown,Lake Shaunfort,0,24,37,3.2153,3.3453,0.1732,0.2164,3,2,8,5,5,8,16,13
77,6,South Samuelberg,Nelsonhaven,0,34,24,4.7596,2.388,0.2889,0.2274,4,2,6,6,6,6,12,12
78,6,North Brianside,Luistown,0,37,24,4.6652,2.4596,0.2527,0.1489,4,2,3,9,9,3,6,18
79,6,Richardhaven,Christopherhaven,1,25,32,3.6824,3.4256,0.2212,0.215,6,5,9,4,4,9,18,8
80,6,Hunterborough,East Sarahhaven,0,32,21,4.0505,2.4331,0.2325,0.1851,9,3,8,8,8,8,16,18
81,6,West Kimfurt,South Lauren,0,26,27,1.875,3.0883,0.1113,0.222,5,4,5,2,2,5,10,4
82,6,North Chelseamouth,West Zachary,1,33,29,4.7593,3.6452,0.2545,0.1752,7,6,12,10,10,12,24,20
83,6,Port David,North Susanberg,1,29,32,3.4366,3.2908,0.2208,0.1585,2,1,6,6,6,6,12,12
84,6,South Kelseyton,West Erin,1,34,22,4.0085,2.8618,0.2095,0.2285,6,5,7,3,3,7,14,6
85,6,Port Kristieberg,Danielsburgh,0,27,30,4.1736,3.4388,0.2499,0.234,4,2,7,4,4,7,14,8
86,6,Port Chris,Jeffreyville,0,20,25,2.2894,2.9061,0.1988,0.2388,0,1,5,3,3,5,10,6
87,6,Lake David,West Michaelview,1,33,62,3.9822,4.3571,0.1774,0.1805,2,1,10,14,14,10,20,28
88,6,Barnesburgh,West Susanchester,0,41,36,6.2858,3.5061,0.2383,0.168,5,6,3,9,9,3,6,18
89,6,North Connorchester,Pennytown,1,22,30,2.0313,3.8045,0.2228,0.2314,6,5,11,5,5,11,22,10
90,6,Jordanland,Jamesmouth,0,29,27,2.4847,4.2243,0.1362,0.2409,2,1,8,5,5,8,16,10
91,7,Davistown,Jordanland,0,35,29,5.7433,2.5848,0.2623,0.1302,6,1,5,10,10,5,12,20
92,7,Christopherhaven,Lake David,1,49,23,4.2289,3.7818,0.1967,0.2306,4,3,5,7,7,5,10,14
93,7,South Lauren,Nelsonhaven,0,37,30,3.9656,3.2691,0.1601,0.2216,5,2,9,6,6,9,18,14
94,7,Richardhaven,West Kimfurt,1,30,37,3.2786,3.0542,0.1595,0.1335,5,6,3,4,4,3,6,8
95,7,Jamesmouth,Hunterborough,1,25,26,2.8856,2.5845,0.1559,0.2246,4,5,3,2,2,3,6,4
96,7,South Samuelberg,East Sarahhaven,0,26,25,2.3198,2.5699,0.1353,0.2727,3,0,8,3,3,8,16,6
97,7,West Michaelview,West Zachary,0,23,38,2.7449,4.8145,0.2313,0.2267,3,2,13,7,7,13,26,14
98,7,Danielsburgh,Barnesburgh,1,26,40,3.2821,4.6508,0.1826,0.1607,5,6,7,9,9,7,14,18
99,7,Jeffreyville,Pennytown,0,31,24,2.7295,2.6489,0.1449,0.2478,4,2,6,8,8,6,12,16
100,7,Port Kristieberg,North Connorchester,0,25,27,2.7647,3.6407,0.2057,0.2275,6,4,9,6,6,9,18,12
101,7,North Chelseamouth,North Brianside,0,24,33,3.1068,4.2765,0.2243,0.2477,4,5,7,7,7,7,14,14
102,7,South Kelseyton,North Susanberg,0,25,21,2.555,3.135,0.2233,0.2335,3,1,9,5,5,9,21,10
103,7,Port Chris,Lake Shaunfort,0,32,26,4.3892,3.257,0.178,0.1732,4,3,3,8,8,3,6,16
104,7,Luistown,Port David,0,19,26,2.0124,3.1165,0.1437,0.2339,0,6,7,6,6,7,14,12
105,7,West Susanchester,West Erin,0,33,31,3.493,4.2799,0.2034,0.2663,5,6,9,0,0,9,18,0
106,8,Barnesburgh,Richardhaven,1,25,30,2.9045,3.6906,0.2166,0.2283,2,3,7,4,4,7,16,8
107,8,Davistown,West Susanchester,0,37,38,5.4283,3.4557,0.2651,0.1448,7,3,8,8,8,8,18,16
108,8,Port Chris,Christopherhaven,0,26,18,4.0579,2.2331,0.2788,0.1667,4,0,6,8,8,6,12,16
109,8,Jordanland,South Lauren,0,28,30,2.529,3.7838,0.1918,0.245,0,6,7,7,7,7,14,14
110,8,Lake Shaunfort,Jamesmouth,1,34,23,3.7486,2.9524,0.1453,0.2425,4,3,9,6,6,9,18,12
111,8,East Sarahhaven,West Erin,0,20,29,2.3295,2.9252,0.2568,0.1618,1,0,2,6,6,2,4,12
112,8,West Zachary,West Michaelview,0,26,36,2.713,3.9941,0.1521,0.2324,1,9,7,8,8,7,14,16
113,8,Hunterborough,South Samuelberg,0,21,22,2.4715,2.5032,0.2516,0.2075,6,4,6,5,5,6,12,10
114,8,North Brianside,North Connorchester,0,32,34,4.0245,3.7292,0.1945,0.1597,4,5,5,7,7,5,10,14
115,8,North Chelseamouth,North Susanberg,0,26,31,3.3146,3.7698,0.2533,0.2531,2,1,9,8,8,9,18,16
116,8,Luistown,Port Kristieberg,1,31,35,4.6888,3.8903,0.2453,0.169,4,3,5,10,10,5,10,20
117,8,South Kelseyton,Lake David,0,34,35,2.7481,4.2746,0.1455,0.1823,6,5,5,7,7,5,10,14
118,8,West Kimfurt,Jeffreyville,0,34,24,3.3155,2.4069,0.1637,0.178,3,2,7,8,8,7,14,16
119,8,Pennytown,Nelsonhaven,0,27,40,2.7637,4.1734,0.1646,0.1677,3,7,7,5,5,7,14,10
120,8,Port David,Danielsburgh,0,26,22,2.9313,1.9067,0.1459,0.1456,3,2,2,6,6,2,4,12
121,9,Richardhaven,West Erin,0,27,28,3.0135,2.748,0.1552,0.1454,1,5,8,8,8,8,16,16
122,9,Davistown,West Michaelview,0,25,23,2.7918,1.9378,0.1638,0.2049,1,2,7,4,4,7,14,8
123,9,Luistown,Jordanland,1,22,27,2.9669,2.4744,0.2667,0.1428,3,2,6,7,7,6,12,14
124,9,Pennytown,South Lauren,0,25,34,2.6431,3.7427,0.1608,0.2114,4,3,6,6,6,6,12,12
125,9,Barnesburgh,Danielsburgh,1,30,30,3.8336,3.2855,0.233,0.162,1,2,9,5,5,9,18,10
126,9,Lake David,East Sarahhaven,0,25,27,3.0841,2.2882,0.218,0.1624,4,1,7,9,9,7,14,18
127,9,North Susanberg,Christopherhaven,0,23,21,3.0846,2.0875,0.1915,0.1556,6,1,4,5,5,4,8,10
128,9,Port Kristieberg,West Zachary,0,23,33,2.9771,4.3309,0.234,0.1782,2,6,6,6,6,6,12,12
129,9,Hunterborough,North Brianside,0,27,24,3.2722,2.9343,0.1542,0.1692,6,3,5,3,3,5,10,6
130,9,South Samuelberg,North Chelseamouth,0,31,25,4.0267,3.2139,0.1997,0.2254,3,4,10,4,4,10,20,8
131,9,Jamesmouth,Nelsonhaven,0,26,30,3.4154,3.4556,0.1843,0.2186,1,7,7,6,6,7,14,12
132,9,South Kelseyton,North Connorchester,0,18,23,2.1454,2.6254,0.2486,0.1536,3,2,5,6,6,5,10,12
133,9,West Susanchester,West Kimfurt,0,27,28,3.8654,3.1723,0.2093,0.2219,3,4,8,9,9,8,16,18
134,9,Lake Shaunfort,Port David,0,21,34,2.2958,3.7526,0.1659,0.158,2,0,9,5,5,9,20,10
135,9,Jeffreyville,Port Chris,0,33,19,4.0076,1.8218,0.1739,0.1204,6,2,2,5,5,2,4,10
136,10,Luistown,Richardhaven,0,17,37,1.769,4.3163,0.1315,0.2311,2,5,10,5,5,10,20,10
137,10,West Erin,Hunterborough,0,38,29,4.3087,3.2085,0.166,0.1773,3,2,1,4,4,1,2,11
138,10,West Zachary,West Susanchester,0,30,24,4.162,2.2909,0.192,0.1282,2,3,3,7,7,3,6,14
139,10,Port Kristieberg,South Lauren,1,34,24,3.9449,2.7599,0.2357,0.2187,3,4,8,8,8,8,16,16
140,10,North Connorchester,North Brianside,0,41,22,5.0822,2.3454,0.1798,0.1468,4,2,2,7,7,2,4,14
141,10,North Susanberg,Jeffreyville,0,27,22,2.7147,2.0359,0.1653,0.1465,5,4,5,7,7,5,10,14
142,10,West Kimfurt,Barnesburgh,1,30,26,3.2636,3.2122,0.1608,0.2279,4,3,6,8,8,6,12,18
143,10,East Sarahhaven,Port David,0,20,31,1.9867,2.6641,0.1746,0.1261,2,5,3,4,4,3,6,8
144,10,Jordanland,Nelsonhaven,0,26,25,2.617,3.4355,0.1567,0.1891,5,2,6,7,7,6,12,16
145,10,Davistown,Pennytown,0,33,33,3.3246,3.1023,0.2409,0.1938,5,3,8,9,9,8,16,18
146,10,Jamesmouth,North Chelseamouth,1,30,28,4.0585,3.1705,0.2369,0.1763,3,4,8,8,8,8,16,16
147,10,Lake David,South Kelseyton,0,17,35,1.7011,2.4255,0.1353,0.1333,0,4,4,2,2,4,8,4
148,10,Lake Shaunfort,South Samuelberg,0,28,29,2.4905,3.4457,0.1423,0.184,0,6,9,4,4,9,18,8
149,10,West Michaelview,Port Chris,0,23,31,3.126,3.4592,0.1856,0.2102,1,2,7,4,4,7,14,8
150,10,Christopherhaven,Danielsburgh,0,31,19,3.6218,2.3264,0.1995,0.1696,3,5,8,5,5,8,16,10
151,11,Port Chris,Richardhaven,1,25,30,2.7832,4.0409,0.2252,0.2225,4,3,5,8,8,5,10,16
152,11,West Erin,Pennytown,0,27,32,2.8202,3.5519,0.2216,0.1654,2,4,8,6,6,8,16,12
153,11,Barnesburgh,Hunterborough,0,33,33,4.0219,3.5986,0.1919,0.1646,2,3,6,6,6,6,12,12
154,11,South Samuelberg,West Zachary,0,23,30,2.7993,3.0395,0.1704,0.2141,5,3,9,5,5,9,18,10
155,11,South Lauren,West Susanchester,0,26,27,3.6584,2.6349,0.1868,0.1412,6,3,4,10,10,4,11,20
156,11,North Brianside,Christopherhaven,0,32,25,5.8031,2.7481,0.2751,0.168,5,4,5,14,14,5,10,28
157,11,North Susanberg,West Michaelview,0,31,19,3.2932,1.7385,0.2433,0.1379,1,2,4,6,6,4,8,12
158,11,Jeffreyville,Davistown,0,18,21,1.4823,2.7522,0.1292,0.2289,0,2,9,5,5,9,18,10
159,11,North Chelseamouth,Luistown,0,26,20,3.1004,2.6084,0.1619,0.1697,8,2,6,4,4,6,15,8
160,11,North Connorchester,Port David,0,19,22,2.4227,2.2462,0.192,0.1477,2,4,8,6,6,8,16,12
161,11,East Sarahhaven,Jamesmouth,0,30,29,3.109,3.2013,0.1628,0.2175,6,4,12,6,6,12,27,12
162,11,Nelsonhaven,Port Kristieberg,1,33,30,4.3171,3.8539,0.2432,0.2184,4,3,9,10,10,9,18,20
163,11,Jordanland,Danielsburgh,0,22,36,2.3109,5.0761,0.1774,0.2495,3,7,12,5,5,12,24,10
164,11,Lake David,Lake Shaunfort,0,16,24,2.2504,1.6162,0.1918,0.1212,3,0,4,7,7,4,8,14
165,11,West Kimfurt,South Kelseyton,0,20,35,1.903,3.9715,0.2306,0.1713,2,5,4,7,7,4,8,14
166,12,Nelsonhaven,West Erin,0,35,35,3.792,4.2882,0.1681,0.2504,5,6,6,2,2,6,12,4
167,12,West Michaelview,Richardhaven,0,18,28,1.5279,3.3942,0.1343,0.181,2,3,8,4,4,8,16,8
168,12,North Brianside,South Lauren,1,30,28,3.5976,3.2333,0.2291,0.2185,3,2,5,8,8,5,10,16
169,12,West Susanchester,North Susanberg,0,24,20,2.6301,2.5374,0.2341,0.1689,2,5,5,6,6,5,10,12
170,12,Lake Shaunfort,Hunterborough,0,23,25,2.5365,2.4944,0.1631,0.1413,3,0,2,4,4,2,4,8
171,12,South Samuelberg,Luistown,0,32,21,4.2413,2.1139,0.2369,0.202,5,2,7,8,8,7,14,16
172,12,Jamesmouth,Davistown,1,35,25,4.1811,2.8241,0.1891,0.1584,2,3,12,11,11,12,26,22
173,12,Christopherhaven,East Sarahhaven,0,21,27,2.0551,4.4174,0.1998,0.2268,2,3,9,6,6,9,18,12
174,12,Port Chris,Jordanland,0,34,28,4.9994,2.8726,0.204,0.1485,6,3,4,5,5,4,8,10
175,12,West Kimfurt,West Zachary,0,26,24,2.4657,2.3565,0.1514,0.1537,3,0,4,9,9,4,8,18
176,12,Port Kristieberg,Port David,1,28,28,3.351,3.6681,0.2373,0.2364,3,4,12,8,8,12,24,16
177,12,Pennytown,Barnesburgh,0,26,37,2.4123,4.21,0.1652,0.2105,2,1,8,4,4,8,16,8
178,12,Lake David,North Chelseamouth,1,64,69,8.6235,6.7892,0.1814,0.1788,5,6,13,14,14,13,26,28
179,12,Jeffreyville,South Kelseyton,0,17,30,1.5838,4.0588,0.1457,0.233,2,6,6,4,4,6,12,8
180,12,Danielsburgh,North Connorchester,0,27,39,2.5969,4.6712,0.1588,0.2284,1,7,9,5,5,9,18,10
181,13,Jordanland,West Erin,1,32,25,3.186,3.1641,0.1512,0.1957,4,3,2,6,6,2,4,12
182,13,Danielsburgh,Hunterborough,0,22,29,2.3045,3.9048,0.1521,0.2246,0,4,8,3,3,8,16,6
183,13,West Kimfurt,Richardhaven,0,26,23,2.0602,2.9312,0.1297,0.2251,2,6,6,2,2,6,12,4
184,13,Lake David,West Susanchester,0,28,34,3.8987,3.635,0.2502,0.2101,4,6,15,6,6,15,30,12
185,13,North Connorchester,South Lauren,0,25,36,2.5432,3.8039,0.1431,0.2143,2,6,7,4,4,7,14,8
186,13,West Michaelview,Barnesburgh,0,23,18,2.314,2.1061,0.1808,0.1731,1,2,9,3,3,9,18,6
187,13,West Zachary,North Brianside,1,35,47,4.5243,6.2232,0.258,0.258,6,5,11,11,11,11,22,22
188,13,Luistown,Nelsonhaven,0,24,32,2.9861,4.075,0.1796,0.2455,1,7,10,5,5,10,20,10
189,13,Jamesmouth,Jeffreyville,0,22,28,2.7927,2.3807,0.1702,0.1644,3,1,6,6,6,6,12,12
190,13,East Sarahhaven,Port Kristieberg,0,35,20,4.8434,2.3289,0.2617,0.2305,6,2,5,9,9,5,10,18
191,13,Port Chris,Davistown,0,26,28,3.0733,3.6013,0.2186,0.186,4,5,5,8,8,5,10,16
192,13,North Susanberg,South Samuelberg,0,32,25,3.6964,2.4583,0.2354,0.162,5,2,4,7,7,4,8,14
193,13,Christopherhaven,Lake Shaunfort,0,32,39,3.6461,5.7487,0.1551,0.256,1,5,11,7,7,11,25,14
194,13,Port David,North Chelseamouth,0,25,30,2.8737,3.6693,0.1594,0.2324,0,4,5,4,4,5,10,8
195,13,South Kelseyton,Pennytown,0,27,27,2.5724,2.6042,0.1375,0.1758,4,3,6,6,6,6,12,12
196,14,Lake David,West Erin,1,34,27,4.2048,2.1225,0.174,0.1208,5,4,7,7,7,7,14,14
197,14,Nelsonhaven,Richardhaven,0,21,29,2.1017,3.7181,0.1453,0.2358,1,5,9,4,4,9,18,8
198,14,West Kimfurt,South Samuelberg,0,20,21,2.2237,2.2695,0.1661,0.17,4,0,4,7,7,4,8,14
199,14,Hunterborough,Pennytown,1,42,42,4.8203,4.327,0.1628,0.149,5,6,6,7,7,6,12,14
200,14,Davistown,South Lauren,0,27,11,2.9194,0.9768,0.2266,0.1637,2,0,0,7,7,0,0,14
201,14,Danielsburgh,North Brianside,0,40,27,4.7767,3.5666,0.2259,0.2307,5,2,5,8,8,5,13,16
202,14,West Susanchester,East Sarahhaven,0,37,15,4.6425,2.2688,0.2352,0.2859,3,1,8,10,10,8,16,20
203,14,Lake Shaunfort,North Connorchester,0,24,19,2.7586,2.1513,0.1534,0.1489,3,5,4,5,5,4,8,10
204,14,Christopherhaven,Jeffreyville,0,33,21,3.5092,2.4727,0.1587,0.1981,5,2,4,6,6,4,8,12
205,14,Jamesmouth,Port Kristieberg,0,20,19,2.8347,2.2509,0.178,0.251,1,3,6,6,6,6,12,12
206,14,Luistown,West Michaelview,0,26,38,3.339,3.8559,0.2256,0.2172,2,5,7,9,9,7,14,18
207,14,Port David,Port Chris,0,25,24,3.7552,2.5098,0.262,0.1553,6,1,3,7,7,3,6,14
208,14,Barnesburgh,West Zachary,1,33,32,3.6677,3.9166,0.1826,0.2562,6,5,9,5,5,9,18,10
209,14,North Chelseamouth,South Kelseyton,0,33,27,4.6327,3.6846,0.2303,0.236,3,4,7,5,5,7,14,10
210,14,North Susanberg,Jordanland,0,20,23,2.1998,2.4535,0.1779,0.2236,4,1,6,1,1,6,12,2
211,15,Port Chris,West Erin,1,42,45,4.6847,6.2792,0.1809,0.1876,3,2,13,7,7,13,26,14
212,15,North Brianside,Richardhaven,0,30,32,3.4652,4.1614,0.1564,0.2224,4,2,6,6,6,6,12,12
213,15,North Connorchester,South Samuelberg,0,32,20,3.4675,1.8441,0.1764,0.1468,1,7,5,7,7,5,12,14
214,15,South Lauren,Davistown,0,38,30,3.3499,2.7674,0.1383,0.1683,6,1,9,4,4,9,18,8
215,15,West Kimfurt,Hunterborough,0,20,20,1.9548,2.1995,0.218,0.136,3,2,2,6,6,2,4,12
216,15,Danielsburgh,West Susanchester,1,23,26,2.9953,3.3932,0.1747,0.1932,6,5,8,6,6,8,19,12
217,15,West Zachary,Lake Shaunfort,0,32,16,4.0466,1.8612,0.2415,0.165,5,3,8,7,7,8,16,14
218,15,Barnesburgh,Port Kristieberg,0,26,31,3.7239,3.8091,0.2394,0.1799,4,6,6,9,9,6,15,20
219,15,Jeffreyville,Jamesmouth,0,27,26,3.1326,3.1793,0.2155,0.161,6,3,7,11,11,7,14,22
220,15,West Michaelview,Luistown,1,41,31,4.3729,2.915,0.1573,0.2029,3,2,8,9,9,8,16,18
221,15,Pennytown,East Sarahhaven,0,29,24,2.7938,2.7442,0.2213,0.1764,3,5,9,9,9,9,18,18
222,15,Nelsonhaven,South Kelseyton,0,31,24,3.7395,2.9304,0.1919,0.1946,4,2,2,6,6,2,4,16
223,15,Port David,Jordanland,1,26,24,3.973,2.1638,0.2346,0.2085,4,3,8,11,11,8,16,25
224,15,North Susanberg,North Chelseamouth,0,19,31,1.8924,4.194,0.1409,0.1952,0,5,10,4,4,10,20,8
225,15,Lake David,Christopherhaven,0,20,32,2.7861,2.4679,0.1841,0.1903,5,2,7,4,4,7,14,8
226,16,Richardhaven,West Michaelview,1,25,22,2.0971,2.1583,0.1492,0.2107,2,3,9,4,4,9,21,8
227,16,Port Chris,South Lauren,0,16,32,1.8594,3.8227,0.2348,0.1729,2,1,4,5,5,4,11,10
228,16,West Erin,Lake Shaunfort,1,24,27,2.5328,2.672,0.158,0.1525,2,3,8,4,4,8,16,8
229,16,North Brianside,Jamesmouth,1,51,50,5.7817,6.1204,0.2064,0.1991,7,8,9,8,8,9,18,16
230,16,West Kimfurt,Luistown,0,26,23,3.0479,2.6366,0.2262,0.1545,2,3,4,9,9,4,8,18
231,16,Pennytown,Hunterborough,0,22,28,2.2147,3.3073,0.1558,0.1667,2,1,7,3,3,7,14,6
232,16,North Connorchester,North Susanberg,0,28,38,3.1675,4.3898,0.1702,0.2511,8,7,8,5,5,8,16,10
233,16,West Susanchester,Davistown,0,29,29,2.7454,4.0814,0.1468,0.2546,4,3,9,6,6,9,18,12
234,16,South Samuelberg,Barnesburgh,0,27,33,3.4656,3.74,0.2466,0.2221,4,5,12,7,7,12,26,14
235,16,East Sarahhaven,West Zachary,0,32,24,4.2676,2.1428,0.2609,0.1686,3,2,3,13,13,3,6,26
236,16,North Chelseamouth,Port Kristieberg,1,34,28,4.7898,3.8818,0.2178,0.1873,3,4,11,9,9,11,22,18
237,16,Jeffreyville,Lake David,0,37,28,3.1527,3.8436,0.2099,0.2327,7,5,9,10,10,9,20,20
238,16,Danielsburgh,Nelsonhaven,1,36,41,4.6467,5.3474,0.2317,0.2676,6,5,14,13,13,14,28,26
239,16,Jordanland,Christopherhaven,0,27,38,3.5426,4.7715,0.1883,0.1692,2,4,9,6,6,9,18,12
240,16,South Kelseyton,Port David,1,30,29,3.7407,3.3497,0.2339,0.2179,6,5,7,7,7,7,14,14
241,17,Jordanland,Richardhaven,0,25,49,2.0948,6.6029,0.149,0.2506,4,10,10,6,6,10,20,12
242,17,West Erin,Barnesburgh,0,44,25,5.3427,2.5564,0.2338,0.1367,5,2,2,7,7,2,4,14
243,17,West Susanchester,Jamesmouth,0,22,28,2.0067,3.875,0.131,0.2733,1,4,11,3,3,11,24,6
244,17,North Connorchester,West Michaelview,0,23,30,2.5829,2.6678,0.1536,0.1432,3,5,3,2,2,3,6,4
245,17,Davistown,West Kimfurt,0,25,23,2.9334,1.7776,0.2304,0.1377,4,1,5,5,5,5,10,10
246,17,South Lauren,North Chelseamouth,0,27,26,3.2344,3.1579,0.2294,0.2317,3,1,6,7,7,6,12,14
247,17,Lake Shaunfort,West Zachary,0,26,29,3.1273,3.3966,0.2354,0.1708,5,6,8,8,8,8,16,16
248,17,Danielsburgh,North Susanberg,0,37,30,4.5037,3.4654,0.246,0.1773,5,7,7,8,8,7,14,16
249,17,South Samuelberg,Port David,1,29,19,3.7666,1.8932,0.2739,0.1256,3,2,4,7,7,4,8,16
250,17,Hunterborough,Luistown,0,33,12,4.3391,1.2598,0.1725,0.1666,3,1,2,5,5,2,4,10
251,17,North Brianside,Nelsonhaven,1,35,35,4.3834,4.4659,0.1746,0.187,2,3,9,4,4,9,18,8
252,17,Lake David,Port Kristieberg,0,24,28,3.5908,2.2744,0.2535,0.1578,2,3,5,10,10,5,10,20
253,17,South Kelseyton,East Sarahhaven,1,41,22,4.2824,2.6609,0.1568,0.1803,3,2,4,7,7,4,8,14
254,17,Port Chris,Pennytown,0,36,21,4.0712,2.6902,0.1796,0.1866,1,2,6,5,5,6,12,10
255,18,Richardhaven,Jordanland,0,31,29,4.436,2.2186,0.1811,0.1565,6,4,5,6,6,5,10,12
256,18,North Brianside,West Erin,0,32,27,4.2133,3.3557,0.2386,0.223,1,2,5,5,5,5,10,10
257,18,Hunterborough,West Susanchester,0,32,36,4.3357,3.7286,0.174,0.2349,5,3,2,5,5,2,4,10
258,18,Port Chris,West Kimfurt,0,21,24,2.8012,2.9917,0.1808,0.2382,5,3,6,5,5,6,12,10
259,18,Davistown,Nelsonhaven,1,35,26,4.0505,3.197,0.2503,0.1737,3,2,8,6,6,8,16,12
260,18,South Samuelberg,Jamesmouth,0,24,23,3.6563,2.2069,0.2439,0.1428,2,3,5,11,11,5,10,22
261,18,North Chelseamouth,South Lauren,1,38,33,5.2002,3.4394,0.2334,0.1365,5,4,5,7,7,5,10,14
262,18,Port David,North Connorchester,0,30,31,3.1612,3.219,0.1433,0.2155,6,3,4,5,5,4,8,10
263,18,Luistown,Danielsburgh,0,21,24,2.9726,2.7875,0.2435,0.2322,3,0,6,8,8,6,12,16
264,18,West Michaelview,Port Kristieberg,0,25,18,2.8084,1.9675,0.1815,0.1535,5,2,6,6,6,6,12,12
265,18,Christopherhaven,Barnesburgh,0,23,28,2.4062,4.5429,0.2306,0.2403,1,7,7,3,3,7,14,6
266,18,South Kelseyton,Lake Shaunfort,1,28,26,3.1871,2.621,0.1663,0.1772,3,4,7,8,8,7,14,16
267,18,West Zachary,Pennytown,0,32,29,2.8891,3.0921,0.1405,0.2333,4,0,6,5,5,6,14,10
268,18,North Susanberg,East Sarahhaven,0,24,29,1.9851,3.5343,0.181,0.1936,2,1,6,2,2,6,12,4
269,18,Lake David,Jeffreyville,0,31,40,3.7934,1.881,0.1962,0.0966,8,1,2,5,5,2,4,10
270,19,Danielsburgh,Richardhaven,0,38,19,4.4085,2.0293,0.1614,0.2296,5,2,3,8,8,3,6,16
271,19,West Susanchester,South Samuelberg,1,30,35,3.5777,4.5123,0.1825,0.2033,3,4,8,7,7,8,16,14
272,19,South Lauren,West Kimfurt,1,35,29,3.5014,2.7268,0.2123,0.2456,3,4,5,5,5,5,13,10
273,19,Port Chris,North Connorchester,1,39,22,4.3973,2.6609,0.2063,0.1762,3,2,5,4,4,5,10,8
274,19,Lake David,Jamesmouth,0,33,29,4.1492,2.4745,0.2023,0.1311,1,3,8,11,11,8,16,22
275,19,North Brianside,Hunterborough,0,26,36,3.7676,4.2507,0.2827,0.2334,3,1,8,7,7,8,16,14
276,19,Nelsonhaven,Barnesburgh,1,31,37,3.4039,4.7553,0.1846,0.2304,5,4,9,4,4,9,20,10
277,19,West Erin,South Kelseyton,1,35,37,3.8209,3.9328,0.1681,0.1562,3,4,9,9,9,9,18,18
278,19,Davistown,East Sarahhaven,0,30,21,3.1374,2.2524,0.1626,0.1658,3,1,5,7,7,5,10,14
279,19,Jordanland,West Michaelview,1,29,39,2.7494,4.2624,0.1461,0.168,2,1,6,8,8,6,12,16
280,19,West Zachary,Luistown,0,27,22,2.9489,2.6396,0.1697,0.1689,1,4,8,7,7,8,16,14
281,19,Port David,Jeffreyville,0,28,18,2.8478,1.6645,0.1451,0.1743,2,1,2,3,3,2,4,6
282,19,North Susanberg,Lake Shaunfort,1,33,33,3.2323,3.8299,0.1638,0.1687,4,5,9,2,2,9,18,4
283,19,Port Kristieberg,Christopherhaven,1,33,30,5.6576,3.9077,0.265,0.2162,3,2,8,10,10,8,16,20
284,19,Pennytown,North Chelseamouth,0,30,22,3.6575,1.9538,0.1867,0.1741,3,2,3,7,7,3,6,14
285,20,Richardhaven,South Lauren,0,31,33,2.9246,2.8796,0.1399,0.1402,5,2,8,6,6,8,16,12
286,20,Jeffreyville,West Susanchester,1,33,28,3.8612,2.8723,0.1686,0.1572,4,3,4,9,9,4,8,18
287,20,West Kimfurt,North Chelseamouth,0,31,24,3.4779,3.7779,0.2265,0.2511,2,3,9,8,8,9,18,16
288,20,Nelsonhaven,North Connorchester,0,28,32,4.3961,3.7885,0.232,0.2378,3,5,11,10,10,11,22,20
289,20,South Samuelberg,Port Kristieberg,0,30,32,4.2545,3.9502,0.2575,0.2291,1,3,6,7,7,6,12,14
290,20,Hunterborough,Barnesburgh,0,37,17,4.6218,1.9464,0.1587,0.1464,8,1,3,6,6,3,6,12
291,20,Lake Shaunfort,Davistown,0,30,26,3.4713,2.3083,0.2286,0.1434,5,2,2,9,9,2,4,18
292,20,Jamesmouth,South Kelseyton,1,27,27,3.0821,2.8083,0.1498,0.1628,2,3,3,4,4,3,6,8
293,20,Luistown,Port Chris,1,34,31,5.3538,3.5924,0.2685,0.2382,5,4,6,11,11,6,12,22
294,20,West Michaelview,West Erin,0,21,26,2.5107,2.5066,0.2151,0.1683,3,2,8,8,8,8,18,16
295,20,North Susanberg,North Brianside,0,20,32,2.0584,4.9791,0.146,0.2561,2,5,13,6,6,13,26,12
296,20,East Sarahhaven,Danielsburgh,0,27,24,3.4719,2.2086,0.2461,0.2033,7,2,5,6,6,5,10,12
297,20,Pennytown,Lake David,1,33,23,2.7668,2.3377,0.2006,0.1564,2,3,8,9,9,8,16,18
298,20,Jordanland,Port David,0,25,34,2.3041,4.8671,0.2179,0.2452,2,6,10,7,7,10,20,14
299,20,Christopherhaven,West Zachary,0,19,33,2.6652,5.2006,0.2293,0.2485,2,6,10,6,6,10,20,12
300,21,Davistown,Richardhaven,0,34,23,3.6571,1.8815,0.1628,0.1123,5,1,2,4,4,2,4,8
301,21,West Michaelview,West Susanchester,0,31,35,3.8741,3.3812,0.2207,0.2153,4,5,5,8,8,5,10,16
302,21,South Lauren,South Samuelberg,0,31,31,2.876,3.6411,0.1431,0.213,3,2,9,5,5,9,18,10
303,21,Pennytown,West Kimfurt,0,28,30,3.0918,3.051,0.2535,0.2047,6,3,8,8,8,8,16,16
304,21,North Connorchester,Christopherhaven,0,31,31,4.7005,3.1228,0.175,0.1385,8,4,6,6,6,6,12,12
305,21,Port Chris,Nelsonhaven,0,23,25,3.1012,3.3002,0.1832,0.1827,4,5,5,4,4,5,12,8
306,21,North Chelseamouth,Danielsburgh,0,25,21,3.4135,2.3981,0.1872,0.2429,7,1,5,5,5,5,10,10
307,21,North Susanberg,West Erin,1,30,31,2.5837,3.6228,0.1074,0.207,2,3,8,0,0,8,16,0
308,21,Lake David,North Brianside,0,24,31,3.1941,2.4988,0.2001,0.1409,1,3,7,8,8,7,17,16
309,21,Hunterborough,Jeffreyville,1,38,32,5.0681,2.7854,0.2317,0.1351,7,6,5,7,7,5,10,14
310,21,South Kelseyton,West Zachary,0,39,19,5.7945,1.7722,0.2433,0.2078,4,1,8,9,9,8,16,18
311,21,Barnesburgh,Port David,0,29,26,3.0798,2.6682,0.1565,0.1528,6,2,6,5,5,6,12,10
312,21,Jordanland,Port Kristieberg,1,32,29,3.9452,3.6131,0.2261,0.1717,4,3,6,11,11,6,12,22
313,21,Lake Shaunfort,Luistown,0,34,26,3.9641,2.8407,0.1643,0.1652,8,2,4,5,5,4,8,10
314,21,Jamesmouth,East Sarahhaven,0,37,18,4.3618,1.9708,0.1566,0.251,7,4,7,8,8,7,14,16
315,22,South Kelseyton,Richardhaven,0,28,30,3.7306,3.2907,0.2623,0.189,6,4,2,6,6,2,4,12
316,22,South Lauren,Pennytown,1,26,26,2.3289,2.161,0.1847,0.1771,3,2,7,6,6,7,14,12
317,22,Luistown,South Samuelberg,0,22,26,2.4485,3.5758,0.2126,0.2554,2,3,7,6,6,7,14,12
318,22,Port Kristieberg,Davistown,0,25,35,2.5941,4.4053,0.1775,0.183,4,3,8,7,7,8,16,14
319,22,Lake Shaunfort,West Kimfurt,0,27,32,3.2687,3.236,0.2333,0.2208,3,1,4,6,6,4,8,12
320,22,North Connorchester,Lake David,1,36,36,3.5675,4.1542,0.2097,0.1657,3,4,8,8,8,8,19,16
321,22,Hunterborough,West Erin,0,29,21,3.4681,2.3342,0.1502,0.1774,3,1,3,6,6,3,6,12
322,22,Port Chris,West Michaelview,0,21,26,2.5995,3.8865,0.2378,0.2633,3,2,9,8,8,9,18,16
323,22,North Chelseamouth,East Sarahhaven,0,31,19,3.9462,2.2687,0.2259,0.1875,6,2,9,6,6,9,18,12
324,22,West Zachary,Danielsburgh,0,24,29,2.884,3.1607,0.2479,0.1678,4,3,10,12,12,10,20,24
325,22,Jeffreyville,Nelsonhaven,0,30,27,3.3576,3.1202,0.2267,0.1724,1,3,4,7,7,4,8,14
326,22,Jordanland,Barnesburgh,0,21,25,1.9577,3.4058,0.1475,0.2437,0,3,4,5,5,4,8,10
327,22,Jamesmouth,Christopherhaven,0,22,31,3.5646,3.04,0.1802,0.2105,0,3,5,5,5,5,10,10
328,22,North Brianside,West Susanchester,0,26,35,3.9057,4.477,0.2488,0.2157,4,5,9,6,6,9,18,12
329,22,North Susanberg,Port David,0,25,22,2.6245,2.3704,0.2307,0.173,6,5,5,6,6,5,10,12
330,23,Richardhaven,North Brianside,0,33,26,3.9295,2.9458,0.2449,0.1631,5,1,7,5,5,7,14,10
331,23,West Susanchester,South Kelseyton,0,30,19,3.9568,2.477,0.1736,0.1752,9,2,5,5,5,5,10,10
332,23,South Lauren,Barnesburgh,0,33,22,4.1,2.1631,0.213,0.1264,1,2,9,8,8,9,18,16
333,23,Davistown,Port David,0,25,24,2.9691,2.465,0.2269,0.1931,2,3,6,7,7,6,12,14
334,23,West Kimfurt,West Michaelview,0,22,34,2.3673,3.7261,0.2043,0.1586,2,3,6,5,5,6,12,10
335,23,South Samuelberg,West Erin,1,27,43,3.0228,4.8624,0.2317,0.23,4,3,10,6,6,10,20,12
336,23,Christopherhaven,North Connorchester,1,35,27,3.625,4.0537,0.2215,0.2395,2,1,8,6,6,8,16,12
337,23,Port Chris,Danielsburgh,1,32,31,3.5937,4.3935,0.1708,0.2574,3,2,8,5,5,8,16,10
338,23,Luistown,Pennytown,1,33,35,3.944,3.934,0.2251,0.2486,6,7,8,10,10,8,16,20
339,23,North Susanberg,Port Kristieberg,0,37,20,5.111,1.8501,0.2,0.1649,8,3,6,9,9,6,12,18
340,23,Lake David,Jordanland,0,29,22,4.0256,1.0528,0.1924,0.0811,7,2,1,3,3,1,2,6
341,23,Lake Shaunfort,North Chelseamouth,0,22,31,2.5943,3.646,0.17,0.1675,2,7,3,4,4,3,8,8
342,23,West Zachary,East Sarahhaven,0,23,31,2.1167,3.3309,0.1551,0.1796,0,2,5,3,3,5,10,6
343,23,Hunterborough,Nelsonhaven,0,31,21,4.842,2.6911,0.2588,0.2289,6,2,6,7,7,6,12,14
344,24,Richardhaven,North Connorchester,0,26,32,2.7,3.3105,0.1603,0.141,5,2,6,5,5,6,12,12
345,24,Christopherhaven,South Lauren,0,25,30,2.7568,4.1655,0.1992,0.2563,2,5,8,9,9,8,16,18
346,24,Davistown,West Zachary,0,29,23,3.4752,2.1267,0.1822,0.1379,2,4,5,4,4,5,10,8
347,24,West Kimfurt,North Brianside,1,40,32,4.1398,3.7191,0.2279,0.2377,3,4,7,7,7,7,14,14
348,24,West Michaelview,East Sarahhaven,1,30,21,2.7544,1.9591,0.1528,0.169,3,2,5,8,8,5,10,16
349,24,South Samuelberg,Lake David,0,30,16,2.2151,1.4744,0.1498,0.1816,3,1,3,4,4,3,6,8
350,24,North Chelseamouth,Port Chris,0,29,24,4.6529,2.771,0.224,0.1541,4,5,5,7,7,5,10,14
351,24,Luistown,Jeffreyville,1,21,26,2.2007,2.3976,0.2175,0.1285,1,2,3,3,3,3,6,6
352,24,Danielsburgh,Jamesmouth,1,34,30,4.1501,4.059,0.1838,0.2322,5,4,6,10,10,6,12,20
353,24,West Susanchester,Jordanland,0,32,26,4.114,2.8532,0.2417,0.1745,7,1,6,5,5,6,12,10
354,24,Pennytown,Port David,0,18,36,1.7927,3.9632,0.1535,0.2141,3,2,6,3,3,6,12,6
355,24,Hunterborough,North Susanberg,0,32,17,4.1528,1.4756,0.2408,0.1459,3,4,3,4,4,3,6,8
356,24,Lake Shaunfort,Nelsonhaven,0,37,24,4.929,2.619,0.1925,0.1544,3,5,3,5,5,3,6,13
357,24,Barnesburgh,West Erin,0,25,22,3.0106,2.7275,0.1583,0.2336,3,1,6,7,7,6,12,14
358,24,Port Kristieberg,South Kelseyton,1,36,38,4.0344,4.7086,0.2089,0.2467,3,4,14,10,10,14,28,20
359,25,Richardhaven,Lake Shaunfort,0,36,32,4.0817,3.2017,0.164,0.1687,3,2,5,5,5,5,10,10
360,25,Lake David,North Connorchester,1,38,40,4.8704,3.3326,0.2187,0.142,4,3,9,9,9,9,18,18
361,25,East Sarahhaven,West Kimfurt,0,30,19,4.0551,1.9188,0.2673,0.2014,7,1,10,7,7,10,20,14
362,25,West Michaelview,Port David,0,34,20,3.4867,1.9396,0.1477,0.2029,6,4,7,11,11,7,14,22
363,25,West Zachary,Davistown,0,28,18,3.0158,1.8112,0.252,0.1422,0,2,4,8,8,4,8,16
364,25,Pennytown,North Brianside,0,40,27,4.9811,2.8136,0.2689,0.1591,4,1,3,6,6,3,8,14
365,25,West Erin,South Lauren,0,14,30,1.3635,3.2757,0.128,0.218,2,1,8,2,2,8,16,4
366,25,North Chelseamouth,South Samuelberg,0,22,31,2.3658,4.7243,0.1631,0.2475,1,3,10,3,3,10,20,6
367,25,Barnesburgh,Port Chris,1,32,27,4.6096,2.9082,0.2572,0.1553,1,2,2,8,8,2,4,16
368,25,Luistown,West Susanchester,0,23,16,3.2205,1.6627,0.2501,0.1499,3,1,3,5,5,3,6,10
369,25,Nelsonhaven,Jordanland,0,32,21,5.0009,2.1599,0.2104,0.1578,5,3,4,7,7,4,8,14
370,25,Jeffreyville,North Susanberg,0,28,19,3.0212,1.8794,0.1788,0.1474,1,3,2,7,7,2,4,14
371,25,South Kelseyton,Danielsburgh,0,23,27,2.4836,2.8659,0.1641,0.155,4,1,6,3,3,6,12,6
372,25,Port Kristieberg,Hunterborough,0,20,29,2.1547,3.8057,0.1437,0.1966,2,1,5,3,3,5,10,9
373,25,Christopherhaven,Jamesmouth,1,41,27,4.49,4.5276,0.155,0.2602,5,6,9,10,10,9,18,20
374,26,Richardhaven,Port David,0,42,30,4.7361,3.4762,0.2297,0.2068,4,6,11,6,6,11,22,12
375,26,Pennytown,West Michaelview,0,20,27,1.9497,2.2698,0.1445,0.1298,2,5,5,4,4,5,10,8
376,26,Port Kristieberg,West Kimfurt,0,28,25,3.7215,2.8246,0.2466,0.2231,5,6,7,10,10,7,14,20
377,26,South Lauren,Jamesmouth,0,22,23,2.1575,2.4634,0.1478,0.2093,4,3,7,7,7,7,14,14
378,26,Davistown,Hunterborough,1,42,48,5.3897,5.252,0.254,0.2171,2,3,15,8,8,15,30,16
379,26,West Erin,Port Chris,0,18,35,2.4002,4.871,0.1931,0.241,4,5,12,4,4,12,24,8
380,26,West Zachary,North Connorchester,0,29,24,3.6369,3.4187,0.1691,0.2217,4,3,8,6,6,8,16,12
381,26,North Brianside,Jordanland,0,40,20,5.8998,1.9011,0.27,0.2084,5,1,6,8,8,6,12,16
382,26,South Kelseyton,Luistown,0,31,23,3.92,2.2641,0.1894,0.1539,6,2,7,8,8,7,14,16
383,26,East Sarahhaven,Christopherhaven,0,26,31,3.9244,2.8858,0.2084,0.2003,6,1,6,6,6,6,12,12
384,26,North Chelseamouth,Barnesburgh,1,36,18,5.5323,2.3327,0.2798,0.162,5,6,6,7,7,6,12,14
385,26,Nelsonhaven,West Susanchester,0,28,26,4.0989,2.839,0.1955,0.1633,3,0,5,9,9,5,10,18
386,26,North Susanberg,Lake David,0,25,16,2.1862,1.544,0.1531,0.1529,0,1,3,8,8,3,6,16
387,26,Lake Shaunfort,Danielsburgh,0,29,26,3.965,3.1426,0.1743,0.1932,5,4,5,6,6,5,10,12
388,26,South Samuelberg,Jeffreyville,0,25,26,2.7889,2.1136,0.1642,0.1288,1,5,5,3,3,5,10,8
389,27,North Chelseamouth,Richardhaven,0,31,33,4.08,4.1016,0.2697,0.1959,4,2,7,7,7,7,14,14
390,27,Pennytown,Davistown,0,20,35,1.5119,4.0639,0.1289,0.2349,2,5,9,3,3,9,18,6
391,27,North Connorchester,Port Chris,0,34,26,4.208,2.8695,0.1793,0.1707,6,2,7,2,2,7,14,4
392,27,Danielsburgh,West Kimfurt,0,24,30,2.7712,3.7536,0.2046,0.2203,2,5,13,7,7,13,29,14
393,27,Lake Shaunfort,West Michaelview,0,17,13,1.6866,1.2445,0.1552,0.1425,3,0,3,8,8,3,6,16
394,27,West Erin,West Zachary,1,24,33,3.22,3.1553,0.1787,0.2215,2,3,7,10,10,7,14,22
395,27,Jamesmouth,South Lauren,0,22,32,2.2583,3.8351,0.1429,0.2289,1,6,10,7,7,10,20,16
396,27,Port David,South Samuelberg,1,38,34,3.4847,3.776,0.1587,0.2441,2,3,7,9,9,7,14,18
397,27,East Sarahhaven,West Susanchester,0,18,27,2.2972,3.1294,0.1535,0.1673,1,5,6,7,7,6,12,14
398,27,Lake David,Hunterborough,0,21,32,2.3147,2.4438,0.1666,0.1313,4,1,5,5,5,5,10,10
399,27,Barnesburgh,South Kelseyton,0,32,30,4.1716,3.0797,0.2451,0.1416,4,6,4,8,8,4,8,16
400,27,Port Kristieberg,North Brianside,0,26,27,3.3723,3.7364,0.2485,0.1813,3,4,8,6,6,8,16,12
401,27,Jordanland,Jeffreyville,0,25,36,2.7476,4.5498,0.1584,0.2222,4,2,7,6,6,7,16,12
402,27,Luistown,Christopherhaven,1,25,21,3.983,2.3073,0.2589,0.1691,4,5,6,9,9,6,12,18
403,27,Nelsonhaven,North Susanberg,0,31,33,3.6464,4.4474,0.2067,0.2665,5,7,7,4,4,7,14,8
404,28,West Susanchester,Richardhaven,0,34,42,4.4648,5.8135,0.2068,0.2409,4,5,7,6,6,7,14,12
405,28,West Michaelview,North Chelseamouth,0,26,22,2.9562,2.6411,0.2089,0.2656,3,4,8,4,4,8,16,8
406,28,Jamesmouth,North Connorchester,1,45,41,5.6644,4.4923,0.2372,0.2209,7,6,14,10,10,14,28,20
407,28,West Kimfurt,West Erin,0,16,34,1.5091,4.1721,0.2163,0.2356,2,1,9,6,6,9,18,12
408,28,Port Chris,West Zachary,0,24,31,2.4836,4.0464,0.1692,0.2436,1,6,7,6,6,7,14,12
409,28,East Sarahhaven,Pennytown,0,43,21,4.7164,1.6028,0.2539,0.151,5,1,3,11,11,3,6,25
410,28,Davistown,South Samuelberg,1,22,30,2.6852,3.5913,0.1887,0.2298,2,1,15,11,11,15,30,25
411,28,Danielsburgh,Luistown,0,33,18,4.0344,1.8475,0.1821,0.1418,2,3,4,9,9,4,8,18
412,28,Jeffreyville,South Lauren,1,32,28,2.8553,2.7888,0.1502,0.2051,3,2,6,6,6,6,12,12
413,28,Lake Shaunfort,Jordanland,0,26,24,3.4354,2.024,0.1779,0.1447,8,1,4,8,8,4,8,18
414,28,Lake David,Port David,0,28,34,3.2973,2.5869,0.2362,0.1323,4,3,7,5,5,7,14,10
415,28,Hunterborough,Christopherhaven,0,25,22,3.9183,2.2056,0.1825,0.1434,3,0,3,4,4,3,6,8
416,28,North Susanberg,South Kelseyton,0,25,27,2.9273,3.6653,0.1956,0.2405,1,2,7,3,3,7,14,6
417,28,Port Kristieberg,Nelsonhaven,0,31,27,4.1743,3.2805,0.2627,0.1492,3,2,2,6,6,2,4,12
418,28,Barnesburgh,North Brianside,1,33,38,4.7017,4.6004,0.2411,0.2383,4,3,8,14,14,8,16,28
419,29,Richardhaven,West Zachary,1,31,38,3.4519,3.9143,0.1633,0.1511,5,4,7,7,7,7,14,14
420,29,Jeffreyville,West Michaelview,0,22,26,1.9626,3.3909,0.1514,0.2304,2,3,9,4,4,9,18,8
421,29,North Chelseamouth,Port David,0,20,30,2.2604,3.974,0.1341,0.2265,1,6,8,2,2,8,19,4
422,29,Danielsburgh,Port Chris,0,41,22,5.3011,2.5475,0.1905,0.1667,4,2,3,5,5,3,6,10
423,29,Jordanland,West Kimfurt,0,22,30,2.5032,3.433,0.1746,0.2396,3,4,6,7,7,6,12,14
424,29,West Susanchester,Hunterborough,0,21,22,2.0517,3.4191,0.1286,0.2528,1,5,8,4,4,8,16,8
425,29,Barnesburgh,North Connorchester,0,39,29,5.0809,3.1644,0.2519,0.1549,2,5,6,10,10,6,12,20
426,29,South Lauren,Lake Shaunfort,0,14,23,1.388,2.1793,0.1536,0.1923,3,6,6,6,6,6,12,12
427,29,Pennytown,North Susanberg,1,25,44,3.0177,4.4885,0.2399,0.2317,3,2,8,6,6,8,20,15
428,29,Luistown,Davistown,0,19,34,1.9908,4.3323,0.1966,0.2425,1,2,7,3,3,7,14,6
429,29,West Erin,South Samuelberg,0,28,35,3.7261,3.2923,0.2618,0.1568,3,7,1,7,7,1,2,14
430,29,Nelsonhaven,Lake David,0,31,26,2.9772,2.8778,0.1391,0.1767,5,2,8,10,10,8,16,20
431,29,South Kelseyton,Christopherhaven,1,38,23,5.9604,2.5719,0.2821,0.2113,7,6,6,8,8,6,12,16
432,29,Port Kristieberg,Jamesmouth,0,42,21,5.7837,2.6244,0.257,0.1859,4,3,3,11,11,3,6,22
433,29,East Sarahhaven,North Brianside,0,31,42,3.9337,4.4086,0.1881,0.2145,5,2,7,7,7,7,14,14
434,30,North Susanberg,Richardhaven,0,19,18,2.2572,2.6096,0.2138,0.2359,2,0,7,7,7,7,14,14
435,30,West Michaelview,Jamesmouth,0,17,20,1.7052,2.3458,0.1448,0.2229,2,4,6,5,5,6,12,10
436,30,West Zachary,West Kimfurt,0,28,18,3.2546,1.5058,0.1844,0.1409,4,1,3,9,9,3,6,18
437,30,West Erin,Jeffreyville,1,34,28,4.2904,2.473,0.2278,0.1574,3,4,9,9,9,9,18,18
438,30,West Susanchester,Pennytown,0,29,23,3.3094,2.9044,0.2165,0.2464,2,3,5,6,6,5,10,12
439,30,Port Kristieberg,Port Chris,0,40,27,6.6146,3.6492,0.2683,0.2091,5,4,4,9,9,4,8,18
440,30,South Lauren,Christopherhaven,0,26,23,3.346,2.1449,0.1679,0.1411,4,2,6,8,8,6,12,16
441,30,Davistown,Luistown,0,25,16,2.7815,1.9342,0.1709,0.1787,4,2,4,7,7,4,8,14
442,30,Hunterborough,North Connorchester,1,46,26,5.5044,2.6427,0.2193,0.1421,2,3,2,5,5,2,4,10
443,30,Jordanland,Lake David,0,22,24,1.4633,3.8705,0.1173,0.2523,1,2,6,8,8,6,12,16
444,30,East Sarahhaven,North Chelseamouth,0,30,30,3.9115,2.8892,0.1885,0.1297,5,4,2,6,6,2,4,15
445,30,Lake Shaunfort,North Brianside,0,31,22,4.2114,3.0129,0.2137,0.2622,6,2,7,8,8,7,16,16
446,30,Danielsburgh,South Kelseyton,0,26,27,3.1478,2.9308,0.1657,0.2266,6,5,5,6,6,5,10,12
447,30,Port David,Nelsonhaven,0,18,31,1.7903,4.3412,0.1379,0.267,3,2,11,2,2,11,22,4
448,31,Lake Shaunfort,Richardhaven,0,20,36,2.0862,4.0355,0.1621,0.2301,1,4,5,5,5,5,10,10
449,31,Hunterborough,West Michaelview,0,26,24,2.6887,2.4687,0.14,0.1912,5,4,7,6,6,7,14,12
450,31,Danielsburgh,West Erin,0,25,35,2.5242,4.3734,0.1436,0.2121,0,4,10,4,4,10,20,8
451,31,Jordanland,Port Chris,0,25,25,3.361,3.2409,0.1772,0.1759,6,3,9,12,12,9,18,24
452,31,North Chelseamouth,Jamesmouth,0,18,20,2.5173,2.7004,0.1765,0.1817,1,3,7,10,10,7,14,20
453,31,West Zachary,South Lauren,0,26,19,2.7647,1.9332,0.1445,0.1715,1,0,4,5,5,4,8,10
454,31,North Connorchester,Jeffreyville,1,25,27,3.4118,2.2075,0.2243,0.1289,1,2,3,7,7,3,6,14
455,31,Port David,Luistown,1,40,38,4.2123,4.0763,0.1617,0.1391,4,3,7,9,9,7,14,18
456,31,Port Kristieberg,West Susanchester,0,24,35,3.1346,4.6564,0.1802,0.1909,3,6,7,5,5,7,14,10
457,31,East Sarahhaven,North Susanberg,0,19,21,2.6707,2.206,0.233,0.229,3,2,7,10,10,7,14,20
458,31,Lake David,Davistown,1,25,31,2.7132,2.8292,0.2249,0.2124,3,2,14,11,11,14,28,22
459,31,West Kimfurt,Nelsonhaven,0,21,37,2.0512,4.876,0.161,0.2375,4,5,6,4,4,6,15,8
460,31,Christopherhaven,South Samuelberg,0,29,28,3.486,3.8523,0.2442,0.1834,7,4,4,9,9,4,8,18
461,31,North Brianside,Pennytown,0,44,19,5.2792,1.9715,0.1776,0.1537,12,4,5,6,6,5,10,12
462,31,South Kelseyton,Barnesburgh,0,34,21,4.3637,2.2855,0.1928,0.1481,3,4,3,5,5,3,6,10
463,32,West Erin,Richardhaven,0,25,28,2.8411,2.8427,0.161,0.1801,3,2,3,7,7,3,6,14
464,32,Hunterborough,Port Chris,0,27,22,3.7997,2.9293,0.2422,0.237,4,1,7,9,9,7,14,18
465,32,Lake Shaunfort,Pennytown,0,44,23,4.6524,2.2273,0.223,0.1653,2,1,6,12,12,6,12,24
466,32,West Kimfurt,Jamesmouth,1,29,25,2.8425,3.1939,0.225,0.1493,3,2,7,7,7,7,14,14
467,32,South Lauren,Luistown,0,22,25,2.1865,2.6128,0.153,0.2036,0,3,7,4,4,7,14,8
468,32,North Susanberg,West Zachary,1,26,25,2.7239,2.6346,0.1691,0.1622,1,2,6,5,5,6,12,10
469,32,Christopherhaven,West Susanchester,0,37,16,4.9889,2.1017,0.2501,0.1808,5,2,7,14,14,7,14,28
470,32,West Michaelview,South Samuelberg,0,22,35,2.0834,4.93,0.1671,0.267,6,7,13,4,4,13,26,8
471,32,Davistown,Jeffreyville,0,21,24,2.6698,1.779,0.1781,0.123,4,1,5,7,7,5,10,14
472,32,North Connorchester,Port Kristieberg,0,28,38,3.4764,3.7404,0.2456,0.1521,1,7,5,6,6,5,10,12
473,32,Lake David,Danielsburgh,0,31,40,4.2503,3.4336,0.1805,0.1524,3,2,5,8,8,5,10,16
474,32,Jordanland,East Sarahhaven,0,24,33,1.724,5.1012,0.1114,0.2743,2,7,9,2,2,9,18,6
475,32,South Kelseyton,North Chelseamouth,0,25,20,3.0876,2.5331,0.1595,0.184,5,4,7,5,5,7,14,10
476,32,Port David,Barnesburgh,0,33,24,3.7945,2.3357,0.2346,0.1333,5,2,2,6,6,2,4,12
477,33,West Erin,West Michaelview,0,28,45,3.1875,5.4599,0.1643,0.2093,2,5,4,6,6,4,8,12
478,33,Richardhaven,Port Chris,0,21,36,2.7081,3.7191,0.1656,0.1615,0,3,8,6,6,8,16,12
479,33,South Lauren,South Kelseyton,0,35,35,3.4295,3.6393,0.1938,0.1671,3,0,6,4,4,6,12,8
480,33,Pennytown,Danielsburgh,1,38,41,4.4986,3.664,0.2474,0.215,6,7,7,10,10,7,14,20
481,33,West Kimfurt,West Susanchester,0,25,36,2.6798,4.5247,0.1574,0.2497,0,6,8,3,3,8,16,6
482,33,North Connorchester,Lake Shaunfort,0,22,34,2.489,4.0849,0.2334,0.2077,2,1,8,4,4,8,18,8
483,33,Jamesmouth,Port David,0,27,20,3.6097,2.2254,0.2251,0.2258,4,1,6,6,6,6,12,12
484,33,Hunterborough,Lake David,0,32,22,3.8504,2.5104,0.2243,0.2273,4,5,3,8,8,3,6,16
485,33,Davistown,North Susanberg,1,28,30,3.3374,2.6314,0.2489,0.2203,2,1,9,9,9,9,18,18
486,33,Port Kristieberg,South Samuelberg,0,30,32,2.8949,4.2014,0.1446,0.2496,1,4,6,3,3,6,15,6
487,33,West Zachary,Jeffreyville,0,23,24,2.5135,2.7051,0.1364,0.2278,1,3,10,2,2,10,20,4
488,33,East Sarahhaven,Luistown,0,16,14,1.7335,1.8964,0.2511,0.2183,0,3,11,4,4,11,22,11
489,33,Christopherhaven,Nelsonhaven,1,33,21,3.3106,3.4934,0.1565,0.2641,5,4,9,5,5,9,18,10
490,33,Barnesburgh,Jordanland,0,22,24,3.1944,2.7332,0.2376,0.2041,5,2,10,9,9,10,20,18
491,33,North Brianside,North Chelseamouth,0,27,24,4.184,3.2086,0.2455,0.231,6,4,6,10,10,6,12,20
492,34,Richardhaven,Luistown,0,42,27,5.0849,2.9669,0.1715,0.1737,7,5,5,6,6,5,10,12
493,34,North Brianside,Port Chris,1,35,25,5.2239,3.9574,0.2689,0.2378,7,6,12,10,10,12,26,20
494,34,Port David,West Erin,0,33,31,3.4068,3.2198,0.2146,0.2323,1,4,6,7,7,6,12,14
495,34,South Samuelberg,West Susanchester,1,28,27,3.3593,2.6901,0.1785,0.1654,4,3,9,7,7,9,18,14
496,34,South Lauren,Port Kristieberg,0,34,24,4.2341,3.2289,0.2221,0.247,5,4,10,6,6,10,20,12
497,34,Lake Shaunfort,Christopherhaven,0,37,24,6.1298,2.4784,0.2608,0.1437,5,2,3,8,8,3,8,16
498,34,North Susanberg,Davistown,0,26,36,2.2457,4.2185,0.181,0.2437,3,4,7,3,3,7,14,6
499,34,North Chelseamouth,West Kimfurt,0,27,28,3.9285,2.9707,0.2726,0.1537,6,5,5,11,11,5,12,22
500,34,West Zachary,South Kelseyton,0,23,36,2.0489,4.2899,0.1501,0.181,1,5,6,3,3,6,14,6
501,34,West Michaelview,Nelsonhaven,0,23,26,2.7183,2.9437,0.2279,0.152,5,1,4,3,3,4,8,6
502,34,North Connorchester,Jordanland,0,28,31,3.9426,3.2792,0.2523,0.2074,3,2,10,7,7,10,20,14
503,34,Danielsburgh,East Sarahhaven,0,30,30,3.2779,3.8919,0.2077,0.2569,4,2,7,8,8,7,14,16
504,34,Jeffreyville,Barnesburgh,1,43,34,4.3244,4.1589,0.1757,0.2189,3,2,15,4,4,15,30,8
505,34,Jamesmouth,Lake David,0,26,24,2.6911,2.6275,0.1737,0.164,1,2,7,5,5,7,14,10
506,35,Jamesmouth,Richardhaven,0,36,25,4.6241,2.8652,0.2222,0.2381,6,1,7,4,4,7,14,8
507,35,West Susanchester,Port Chris,0,33,32,4.4701,4.2948,0.2062,0.1711,3,4,8,5,5,8,19,10
508,35,Port David,South Lauren,0,29,25,3.1563,2.5523,0.2131,0.1708,2,1,4,9,9,4,8,18
509,35,North Chelseamouth,Hunterborough,0,25,25,2.9852,3.2338,0.178,0.1933,3,2,11,4,4,11,22,8
510,35,North Brianside,West Michaelview,0,23,22,3.2246,2.1025,0.1963,0.148,3,5,6,6,6,6,12,12
511,35,Port Kristieberg,Pennytown,1,47,52,5.2798,5.8571,0.1859,0.1816,7,6,8,8,8,8,16,16
512,35,Lake Shaunfort,North Susanberg,0,25,26,3.3181,3.1025,0.2235,0.1722,3,4,6,7,7,6,12,17
513,35,Lake David,South Samuelberg,0,20,29,2.3168,2.5718,0.2122,0.166,5,3,9,9,9,9,18,18
514,35,West Erin,Davistown,0,31,26,3.1134,2.8337,0.1819,0.1625,2,3,5,5,5,5,10,10
515,35,West Zachary,Barnesburgh,0,31,22,3.3102,2.8504,0.1489,0.2369,3,2,7,3,3,7,14,6
516,35,West Kimfurt,Christopherhaven,1,23,30,3.2289,3.6878,0.2546,0.1806,2,3,11,13,13,11,22,26
517,35,South Kelseyton,Jeffreyville,0,32,23,3.7579,1.875,0.1868,0.1277,5,1,6,5,5,6,12,12
518,35,East Sarahhaven,North Connorchester,1,29,31,2.9173,3.568,0.2145,0.2358,6,5,8,4,4,8,16,10
519,35,Nelsonhaven,Danielsburgh,0,28,32,3.2654,3.5566,0.2567,0.2329,2,5,8,4,4,8,16,8
520,35,Jordanland,Luistown,0,25,21,2.2488,2.9103,0.1383,0.2502,3,1,7,3,3,7,14,6
521,36,Richardhaven,Barnesburgh,1,32,37,3.6851,3.6138,0.1639,0.1364,3,2,3,6,6,3,6,12
522,36,Port Chris,South Kelseyton,1,25,30,2.6818,4.1116,0.1669,0.1903,1,2,8,7,7,8,16,14
523,36,West Susanchester,South Lauren,0,28,22,2.9551,2.7619,0.2169,0.2265,3,1,7,9,9,7,14,20
524,36,North Susanberg,Jamesmouth,0,30,18,2.3808,2.0834,0.1289,0.1594,1,4,7,2,2,7,14,4
525,36,Christopherhaven,West Michaelview,1,28,22,2.9515,3.051,0.1639,0.2275,2,1,8,7,7,8,16,14
526,36,North Brianside,Davistown,1,38,34,3.8311,3.7933,0.1778,0.1757,7,6,6,7,7,6,12,14
527,36,Hunterborough,West Kimfurt,0,24,22,3.1384,2.1067,0.2435,0.167,2,1,2,6,6,2,4,12
528,36,North Chelseamouth,Lake Shaunfort,0,28,14,4.3724,1.6556,0.2692,0.1731,4,2,3,9,9,3,6,18
529,36,West Erin,Nelsonhaven,0,31,36,4.0043,4.2881,0.2443,0.2351,5,9,5,8,8,5,10,16
530,36,Danielsburgh,Port Kristieberg,0,22,28,2.4358,3.6947,0.2258,0.2289,0,3,8,4,4,8,16,8
531,36,West Zachary,Lake David,0,38,14,2.9685,1.748,0.2061,0.1701,2,0,7,9,9,7,14,18
532,36,Pennytown,North Connorchester,1,35,46,3.8357,5.1534,0.1579,0.2269,4,5,11,6,6,11,22,12
533,36,South Samuelberg,Jordanland,1,18,37,2.1717,4.4269,0.188,0.2281,4,3,16,4,4,16,32,8
534,36,Jeffreyville,Luistown,0,22,21,2.5701,2.8573,0.1791,0.2135,1,0,4,8,8,4,8,16
535,36,Port David,East Sarahhaven,0,17,31,1.5409,3.9496,0.1287,0.2491,3,0,9,5,5,9,18,10
536,37,Davistown,Port Chris,0,24,22,3.0378,2.2992,0.257,0.1508,7,2,11,7,7,11,22,14
537,37,North Connorchester,Richardhaven,0,26,33,2.6411,3.2899,0.1793,0.1493,3,5,5,4,4,5,10,8
538,37,West Zachary,Jamesmouth,1,24,15,3.4471,1.6738,0.2493,0.1463,3,2,4,12,12,4,8,24
539,37,West Michaelview,South Lauren,1,37,30,3.2768,2.4111,0.2001,0.1231,2,3,5,6,6,5,10,12
540,37,West Erin,North Susanberg,1,35,30,4.1727,3.4273,0.1766,0.2261,2,1,6,7,7,6,12,14
541,37,Hunterborough,North Chelseamouth,0,33,22,4.771,2.6667,0.2341,0.2619,3,2,5,10,10,5,10,20
542,37,Barnesburgh,West Kimfurt,0,22,20,2.7051,1.6954,0.238,0.144,1,4,4,8,8,4,8,16
543,37,Pennytown,South Samuelberg,0,25,45,2.391,4.1909,0.1491,0.2013,5,2,8,5,5,8,18,10
544,37,Port Kristieberg,Lake Shaunfort,1,34,30,3.8027,3.8292,0.1639,0.2345,5,4,9,4,4,9,18,8
545,37,West Susanchester,Danielsburgh,0,40,27,4.9655,3.5812,0.242,0.2466,3,5,7,4,4,7,14,8
546,37,Port David,Lake David,0,28,27,2.6882,3.1857,0.2002,0.1729,2,3,5,7,7,5,10,14
547,37,Nelsonhaven,Jeffreyville,1,27,28,3.4178,2.7318,0.1768,0.2227,4,3,4,3,3,4,8,6
548,37,South Kelseyton,Jordanland,1,38,25,5.2745,2.3375,0.1991,0.1276,4,3,6,5,5,6,12,10
549,37,Christopherhaven,Luistown,1,31,23,2.8416,3.7758,0.1407,0.2744,4,5,8,2,2,8,16,4
550,37,North Brianside,East Sarahhaven,0,25,28,2.5339,3.725,0.1662,0.1759,3,2,7,2,2,7,14,4
551,38,Port Chris,Luistown,0,35,25,4.3605,3.7052,0.1986,0.24,5,2,8,6,6,8,16,12
552,38,Jamesmouth,West Zachary,0,44,27,5.4922,2.321,0.1635,0.1287,6,4,5,6,6,5,10,12
553,38,Pennytown,Richardhaven,0,39,27,4.3941,2.5697,0.1593,0.2094,6,3,7,7,7,7,14,17
554,38,West Michaelview,Davistown,1,18,29,1.5493,3.4725,0.1393,0.2376,1,2,12,4,4,12,24,8
555,38,South Kelseyton,Hunterborough,0,24,29,2.9131,3.4949,0.1725,0.2385,4,0,8,6,6,8,16,12
556,38,Lake David,South Lauren,0,17,40,1.757,2.938,0.136,0.125,0,8,6,3,3,6,14,6
557,38,West Kimfurt,Lake Shaunfort,0,26,29,2.4198,3.1759,0.1546,0.1593,1,2,8,4,4,8,16,8
558,38,Jeffreyville,West Erin,0,30,29,2.7611,3.0217,0.1718,0.1528,2,3,3,3,3,3,6,6
559,38,West Susanchester,North Connorchester,1,29,28,3.2876,3.7698,0.1568,0.2394,3,4,9,10,10,9,18,20
560,38,Christopherhaven,North Chelseamouth,1,44,40,6.0047,6.3511,0.233,0.2625,5,4,10,10,10,10,20,22
561,38,Danielsburgh,Port David,0,30,22,2.9919,2.3386,0.236,0.1552,3,2,5,3,3,5,10,6
562,38,North Brianside,South Samuelberg,1,30,27,3.0404,4.2245,0.155,0.2458,4,5,9,2,2,9,18,4
563,38,Barnesburgh,North Susanberg,0,18,31,1.997,3.2511,0.1608,0.1444,1,6,5,6,6,5,13,12
564,38,Nelsonhaven,East Sarahhaven,0,22,25,2.3339,2.8932,0.2336,0.2541,1,5,6,5,5,6,12,10
565,38,Port Kristieberg,Jordanland,0,37,21,6.0044,2.3917,0.2624,0.2068,12,2,7,11,11,7,14,22
566,39,Port Chris,North Brianside,0,31,24,3.6429,3.4931,0.1808,0.2144,4,3,7,6,6,7,14,12
567,39,Richardhaven,North Chelseamouth,0,22,28,2.518,3.1936,0.1652,0.1814,2,1,3,3,3,3,6,6
568,39,Davistown,Lake David,0,36,33,3.1831,3.4011,0.19,0.2292,2,3,9,7,7,9,18,14
569,39,Nelsonhaven,West Michaelview,0,28,29,3.4888,3.2484,0.1737,0.2245,3,7,8,6,6,8,16,12
570,39,North Susanberg,Luistown,1,29,22,3.2929,2.3007,0.172,0.1776,3,2,7,8,8,7,14,18
571,39,Jamesmouth,West Erin,0,31,25,4.5558,2.703,0.2529,0.1603,5,4,7,10,10,7,14,23
572,39,South Lauren,Jeffreyville,1,34,36,3.3962,2.883,0.1736,0.1258,2,3,9,3,3,9,18,6
573,39,Lake Shaunfort,Barnesburgh,0,36,22,4.1202,2.4754,0.1619,0.2253,3,0,5,3,3,5,10,9
574,39,West Zachary,Christopherhaven,0,31,21,5.257,2.5395,0.2742,0.2303,7,3,5,10,10,5,10,23
575,39,Hunterborough,Port Kristieberg,1,40,28,5.8349,3.1319,0.252,0.1782,5,4,6,10,10,6,12,23
576,39,South Kelseyton,South Samuelberg,1,30,25,2.5863,2.8059,0.1428,0.1708,1,2,9,5,5,9,18,10
577,39,Jordanland,Pennytown,0,28,31,2.3215,4.2217,0.1337,0.2442,0,4,8,7,7,8,16,14
578,39,North Connorchester,East Sarahhaven,0,30,24,3.0971,2.8416,0.1995,0.2081,5,3,12,7,7,12,24,14
579,39,Port David,West Susanchester,0,33,30,5.3421,2.7103,0.2551,0.1485,9,3,3,13,13,3,6,26
580,39,West Kimfurt,Danielsburgh,0,28,28,3.2469,3.2558,0.1756,0.2293,2,3,6,4,4,6,12,8
581,40,South Samuelberg,Port Chris,0,22,25,2.9423,2.8119,0.1998,0.1892,5,2,6,4,4,6,12,8
582,40,Davistown,South Kelseyton,0,24,30,2.9228,3.1409,0.2112,0.1554,2,3,5,3,3,5,10,6
583,40,West Michaelview,Jordanland,1,25,23,3.0587,2.5105,0.198,0.2355,3,4,6,3,3,6,12,6
584,40,Lake David,West Kimfurt,0,28,30,3.6018,2.0847,0.2087,0.1182,2,3,7,4,4,7,14,10
585,40,Richardhaven,Nelsonhaven,0,29,28,3.9613,2.9645,0.2345,0.1546,2,5,4,8,8,4,8,16
586,40,Jamesmouth,West Susanchester,0,24,20,3.611,2.1542,0.1907,0.2231,2,5,7,8,8,7,14,16
587,40,North Chelseamouth,Pennytown,0,35,24,4.3364,2.475,0.2602,0.1389,6,2,3,7,7,3,6,14
588,40,Luistown,Hunterborough,0,25,30,2.7892,3.7065,0.2231,0.1658,4,1,8,4,4,8,16,8
589,40,West Zachary,West Erin,0,27,20,2.8407,2.2398,0.1451,0.1626,4,1,9,4,4,9,20,8
590,40,South Lauren,East Sarahhaven,0,27,26,2.265,2.7307,0.1321,0.241,3,1,4,4,4,4,8,8
591,40,Port David,Lake Shaunfort,1,29,32,3.1404,3.1819,0.1609,0.1445,6,7,5,6,6,5,10,12
592,40,Barnesburgh,Christopherhaven,0,31,31,4.7396,3.0558,0.2492,0.1673,5,3,5,5,5,5,10,10
593,40,North Susanberg,North Connorchester,1,22,20,2.571,2.7061,0.2283,0.2352,3,2,10,7,7,10,20,14
594,40,North Brianside,Jeffreyville,1,38,36,4.6151,4.4876,0.227,0.221,7,6,16,6,6,16,34,12
595,41,East Sarahhaven,Port Chris,0,31,22,5.2852,2.6381,0.2696,0.1902,4,2,7,10,10,7,14,20
596,41,Port David,Davistown,0,34,24,3.5412,2.6006,0.2058,0.1328,3,2,4,8,8,4,8,16
597,41,Richardhaven,South Samuelberg,1,51,33,5.078,3.8648,0.1978,0.172,4,3,10,7,7,10,20,14
598,41,Jamesmouth,Jordanland,0,35,19,5.2161,1.928,0.202,0.1995,5,1,7,6,6,7,14,12
599,41,South Lauren,Lake David,0,25,24,2.1703,2.2886,0.1923,0.1361,4,1,4,8,8,4,8,16
600,41,North Susanberg,Pennytown,0,34,28,4.4799,3.2597,0.2264,0.1574,3,2,9,12,12,9,18,24
601,41,West Erin,West Kimfurt,0,24,27,2.8031,2.4772,0.2043,0.2042,3,5,5,4,4,5,10,8
602,41,North Connorchester,Hunterborough,0,27,29,3.0928,2.941,0.15,0.1969,5,4,6,8,8,6,12,16
603,41,South Kelseyton,West Michaelview,0,29,35,3.1715,3.2952,0.172,0.1418,1,3,6,5,5,6,12,10
604,41,North Chelseamouth,West Susanchester,0,33,27,4.8145,3.1276,0.2363,0.1628,3,5,4,6,6,4,8,12
605,41,West Zachary,Port Kristieberg,0,25,21,2.9357,2.505,0.2444,0.2196,4,7,5,6,6,5,10,12
606,41,Luistown,Barnesburgh,0,25,33,2.5401,4.2101,0.1357,0.1841,3,7,9,2,2,9,18,4
607,41,Jeffreyville,Lake Shaunfort,0,30,39,3.4772,4.1086,0.2147,0.1496,4,1,3,9,9,3,6,18
608,41,Christopherhaven,North Brianside,0,30,27,3.1772,4.2605,0.1726,0.2127,6,5,8,10,10,8,18,22
609,42,Port Chris,West Susanchester,0,21,30,3.1267,3.8451,0.2465,0.186,2,4,8,4,4,8,16,8
610,42,Jamesmouth,West Michaelview,1,34,30,5.1118,3.1841,0.2282,0.2121,5,4,9,8,8,9,20,16
611,42,Hunterborough,Richardhaven,0,35,28,4.1565,3.4678,0.2339,0.2369,5,4,8,9,9,8,16,18
612,42,Davistown,Danielsburgh,0,25,19,2.8578,2.0744,0.1629,0.146,0,7,7,5,5,7,16,10
613,42,South Samuelberg,South Lauren,0,23,22,3.0152,2.0164,0.2016,0.1424,1,2,5,9,9,5,10,18
614,42,Pennytown,Christopherhaven,0,16,34,2.1488,3.0884,0.1841,0.2316,1,4,7,4,4,7,16,8
615,42,Jeffreyville,Jordanland,0,24,21,2.5598,2.6288,0.1566,0.228,5,2,13,4,4,13,29,8
616,42,Lake David,North Susanberg,0,19,34,2.0533,3.0991,0.1424,0.208,2,1,6,2,2,6,12,4
617,42,Port Kristieberg,West Erin,0,29,28,3.6201,3.9316,0.2355,0.2398,3,5,7,8,8,7,14,18
618,42,Nelsonhaven,North Chelseamouth,0,26,22,3.2987,2.5966,0.1675,0.1856,1,4,8,2,2,8,18,4
619,42,Luistown,North Connorchester,0,34,26,4.2402,3.0481,0.1843,0.2227,4,5,8,9,9,8,16,18
620,42,East Sarahhaven,South Kelseyton,0,29,24,3.7381,2.4984,0.2551,0.1474,2,5,3,9,9,3,6,18
621,42,Port David,North Brianside,0,27,31,3.07,4.1559,0.216,0.2488,2,6,5,4,4,5,10,8
622,43,Richardhaven,Hunterborough,0,25,28,2.9798,3.6289,0.2165,0.2276,2,4,9,6,6,9,18,12
623,43,Jamesmouth,South Samuelberg,1,28,22,2.8464,2.0729,0.1521,0.1672,1,2,8,4,4,8,16,8
624,43,Davistown,North Chelseamouth,0,28,14,3.5929,1.4584,0.2434,0.1557,3,0,7,6,6,7,14,12
625,43,South Lauren,Port David,0,27,31,2.8275,3.3544,0.2101,0.1622,2,5,8,4,4,8,16,8
626,43,Pennytown,West Zachary,0,26,28,2.9577,2.7366,0.1639,0.1504,0,5,5,4,4,5,10,8
627,43,West Susanchester,Lake Shaunfort,1,37,30,4.6613,4.1285,0.1831,0.2401,4,3,8,9,9,8,16,18
628,43,South Kelseyton,Port Chris,0,36,18,5.1907,1.9891,0.1978,0.2315,6,3,9,7,7,9,18,14
629,43,West Erin,Lake David,0,27,30,2.0173,3.4019,0.1397,0.2058,4,2,2,5,5,2,4,10
630,43,Barnesburgh,West Michaelview,1,27,33,3.7468,3.617,0.2428,0.2157,3,4,10,15,15,10,20,32
631,43,Luistown,North Susanberg,1,26,24,3.4866,2.1698,0.2409,0.1518,3,2,4,8,8,4,8,16
632,43,Jeffreyville,North Connorchester,0,19,26,1.6756,3.1912,0.1299,0.1944,3,2,8,3,3,8,16,8
633,43,Christopherhaven,West Kimfurt,0,22,30,2.3357,3.6609,0.1492,0.1718,4,5,6,3,3,6,12,6
634,43,Jordanland,North Brianside,0,34,22,4.5038,3.6146,0.2168,0.2836,5,4,9,12,12,9,18,24
635,43,East Sarahhaven,Nelsonhaven,0,34,41,5.0244,5.023,0.2695,0.2248,6,5,9,8,8,9,18,16
636,44,East Sarahhaven,Richardhaven,0,31,23,3.3733,2.0294,0.1894,0.1399,1,2,8,10,10,8,16,20
637,44,South Samuelberg,Lake Shaunfort,0,25,24,3.1602,2.695,0.231,0.1437,1,2,5,10,10,5,10,20
638,44,North Connorchester,Davistown,0,30,21,3.1028,2.1456,0.1454,0.1565,2,1,5,8,8,5,10,16
639,44,North Chelseamouth,Lake David,0,39,16,4.0868,1.9308,0.2246,0.2138,5,0,4,8,8,4,8,16
640,44,South Lauren,North Susanberg,0,34,17,3.6204,1.4366,0.1526,0.1187,4,0,4,7,7,4,8,14
641,44,Pennytown,West Susanchester,0,23,34,3.0158,3.1174,0.2015,0.1553,2,3,6,6,6,6,12,12
642,44,Christopherhaven,South Kelseyton,0,20,32,1.9962,4.8239,0.1623,0.2262,5,3,7,5,5,7,14,10
643,44,Luistown,West Erin,0,21,22,2.4333,2.8684,0.1538,0.1898,5,3,5,6,6,5,10,12
644,44,Port David,Port Kristieberg,0,38,29,6.0639,2.898,0.2584,0.1758,6,5,2,10,10,2,4,23
645,44,Nelsonhaven,West Zachary,0,20,31,2.7312,3.7512,0.2618,0.1751,1,5,7,7,7,7,14,14
646,44,West Kimfurt,Port Chris,1,32,26,3.7989,3.0194,0.2421,0.1577,3,2,5,7,7,5,10,14
647,44,West Michaelview,Jeffreyville,0,22,19,3.0103,1.347,0.2182,0.116,7,2,2,7,7,2,4,14
648,44,Jamesmouth,Barnesburgh,1,25,27,2.8629,2.4823,0.1596,0.1741,2,3,3,3,3,3,6,6
649,44,Hunterborough,Danielsburgh,1,49,45,6.0304,5.6678,0.1935,0.2366,5,6,10,5,5,10,20,10
650,45,South Samuelberg,Richardhaven,0,35,21,4.967,1.946,0.2679,0.1259,5,1,3,12,12,3,6,24
651,45,Davistown,West Erin,0,28,24,3.2593,2.9648,0.1883,0.2259,2,4,10,5,5,10,20,10
652,45,Jordanland,Lake Shaunfort,0,22,30,2.7235,3.8528,0.2139,0.1791,2,0,8,8,8,8,16,16
653,45,North Chelseamouth,Nelsonhaven,0,32,31,3.9427,4.2917,0.1798,0.2583,3,4,7,5,5,7,14,10
654,45,Christopherhaven,Port Chris,0,32,23,4.0262,3.4924,0.2373,0.279,2,5,9,9,9,9,18,20
655,45,West Susanchester,North Brianside,0,27,25,3.5448,3.5944,0.2173,0.1858,1,2,5,9,9,5,10,18
656,45,West Michaelview,North Susanberg,0,17,23,1.6806,2.3979,0.1382,0.1725,2,0,4,3,3,4,8,6
657,45,Danielsburgh,Pennytown,1,15,22,1.5674,2.7173,0.1313,0.2448,4,3,10,5,5,10,20,10
658,45,West Zachary,Hunterborough,0,31,29,3.2535,3.4448,0.1529,0.1654,5,4,8,3,3,8,16,6
659,45,Luistown,South Kelseyton,1,28,35,3.2421,3.6827,0.1717,0.1568,3,4,6,7,7,6,12,14
660,45,East Sarahhaven,Lake David,1,44,30,3.2562,3.3841,0.1284,0.2115,4,3,6,6,6,6,12,12
661,45,Barnesburgh,South Lauren,0,16,32,1.5626,3.2905,0.2083,0.1569,1,0,8,4,4,8,16,8
662,45,West Kimfurt,Port David,0,27,30,2.3068,3.0061,0.1348,0.1623,2,1,4,3,3,4,8,6
663,45,North Connorchester,Jamesmouth,0,21,26,2.0168,3.0098,0.1504,0.2253,0,2,9,5,5,9,18,10
664,45,Jeffreyville,Port Kristieberg,0,24,23,2.5677,3.2283,0.1956,0.2365,1,2,6,4,4,6,12,8
665,46,Richardhaven,West Susanchester,1,36,34,4.5386,3.7721,0.1754,0.2293,5,4,7,5,5,7,14,10
666,46,Jamesmouth,Lake Shaunfort,0,36,22,4.143,2.076,0.1617,0.1674,4,0,6,4,4,6,15,10
667,46,Luistown,North Chelseamouth,0,14,28,1.8258,3.9421,0.1641,0.2784,2,5,11,8,8,11,22,16
668,46,South Lauren,Jordanland,0,22,18,3.0804,1.2922,0.2512,0.1187,5,2,6,6,6,6,12,12
669,46,Port David,Hunterborough,0,24,24,2.51,2.655,0.1466,0.1603,1,3,4,2,2,4,8,4
670,46,Port Chris,Port Kristieberg,0,27,25,3.6149,3.9387,0.1909,0.2714,2,4,6,9,9,6,12,18
671,46,West Michaelview,South Kelseyton,0,24,23,2.3402,2.3789,0.1634,0.1689,0,3,7,6,6,7,14,12
672,46,Davistown,Barnesburgh,0,30,29,3.7009,2.9837,0.2158,0.1744,3,2,6,8,8,6,12,16
673,46,Pennytown,Jeffreyville,0,34,28,4.183,2.3519,0.2475,0.1943,3,4,6,9,9,6,12,18
674,46,West Erin,Christopherhaven,0,25,30,3.7014,3.1334,0.2233,0.1485,2,4,7,5,5,7,14,10
675,46,North Brianside,North Susanberg,0,31,23,4.0685,2.3237,0.1904,0.141,6,3,4,10,10,4,8,20
676,46,North Connorchester,Nelsonhaven,0,27,37,3.0098,4.6588,0.1628,0.1823,3,6,8,5,5,8,16,10
677,46,South Samuelberg,Danielsburgh,0,21,31,2.5847,3.3648,0.1883,0.1867,0,6,8,7,7,8,16,14
678,46,West Kimfurt,East Sarahhaven,1,25,24,2.1606,2.4292,0.1598,0.2541,3,2,5,6,6,5,10,12
679,46,Lake David,West Zachary,0,26,41,2.8625,3.6147,0.1671,0.1429,5,3,7,3,3,7,14,6
680,47,Christopherhaven,Richardhaven,1,30,21,3.3178,3.0899,0.1509,0.1759,4,3,9,6,6,9,18,12
681,47,Lake Shaunfort,Port Chris,0,28,22,3.5806,2.5152,0.1833,0.17,8,1,5,3,3,5,10,6
682,47,Danielsburgh,North Chelseamouth,0,22,22,2.9155,3.2325,0.1842,0.2496,2,3,7,6,6,7,14,12
683,47,South Kelseyton,South Lauren,0,25,24,2.694,2.6379,0.15,0.1506,4,2,9,6,6,9,18,12
684,47,South Samuelberg,Hunterborough,0,19,35,2.3479,3.7803,0.2089,0.1466,2,3,7,3,3,7,14,6
685,47,North Connorchester,West Erin,0,35,26,4.2639,2.3206,0.2287,0.1462,2,4,4,7,7,4,8,14
686,47,Barnesburgh,Davistown,0,22,30,2.3437,3.6019,0.1453,0.2434,2,1,6,10,10,6,12,20
687,47,Pennytown,Luistown,0,22,29,2.1955,2.6771,0.1467,0.1555,4,0,6,1,1,6,12,2
688,47,West Susanchester,West Zachary,1,28,30,3.2623,3.7034,0.1714,0.2261,2,3,5,6,6,5,10,12
689,47,Port Kristieberg,North Susanberg,0,25,34,2.8974,5.3355,0.1524,0.2657,0,4,15,4,4,15,30,8
690,47,Nelsonhaven,West Kimfurt,1,29,29,3.212,2.9215,0.1616,0.1495,1,2,7,5,5,7,14,10
691,47,Jeffreyville,North Brianside,0,26,27,2.2537,3.1853,0.1399,0.1758,1,6,4,5,5,4,8,10
692,47,Port David,West Michaelview,0,28,18,2.8214,1.8,0.2095,0.2012,4,0,3,3,3,3,6,6
693,47,East Sarahhaven,Jordanland,1,27,35,3.1843,3.2844,0.1869,0.1429,3,2,11,5,5,11,22,10
694,48,South Lauren,Richardhaven,0,33,21,4.036,1.9178,0.2114,0.1234,2,4,4,9,9,4,8,18
695,48,West Michaelview,Lake Shaunfort,1,35,24,3.8137,2.3266,0.1704,0.1474,2,3,4,5,5,4,8,12
696,48,North Chelseamouth,Jordanland,0,22,29,3.8536,2.979,0.257,0.17,4,5,9,7,7,9,18,14
697,48,Jeffreyville,South Samuelberg,0,35,23,3.6369,2.6387,0.2283,0.1764,3,4,6,7,7,6,12,16
698,48,Christopherhaven,North Susanberg,0,20,30,2.3115,4.5611,0.1478,0.2425,2,6,8,6,6,8,16,12
699,48,West Erin,Port David,1,47,42,5.4485,4.0067,0.2451,0.1557,3,4,4,7,7,4,8,14
700,48,North Connorchester,West Susanchester,1,33,27,4.4132,3.1572,0.2411,0.2323,4,5,10,9,9,10,20,20
701,48,Nelsonhaven,Hunterborough,1,30,48,3.7456,6.3844,0.2374,0.2482,3,4,8,8,8,8,16,16
702,48,Luistown,West Zachary,0,23,25,2.5344,2.6246,0.2454,0.1541,0,1,5,6,6,5,10,12
703,48,Barnesburgh,East Sarahhaven,0,21,31,2.2321,3.7969,0.1968,0.1736,2,6,7,8,8,7,14,16
704,48,Port Kristieberg,Lake David,0,25,21,2.5665,3.0613,0.2146,0.2492,2,1,10,6,6,10,22,12
705,48,South Kelseyton,North Brianside,0,32,25,3.8769,2.7302,0.1687,0.1562,4,1,5,3,3,5,10,6
706,48,Port Chris,Jamesmouth,1,24,26,2.9724,3.3977,0.2436,0.1746,3,2,5,5,5,5,10,10
707,48,West Kimfurt,Pennytown,0,29,29,2.5507,3.8211,0.2104,0.2379,3,4,11,6,6,11,24,12
708,48,Danielsburgh,Davistown,1,35,34,3.0795,4.3344,0.1473,0.178,2,3,10,6,6,10,20,12
709,49,Hunterborough,Lake Shaunfort,0,27,24,3.6077,3.1123,0.2327,0.2364,1,0,6,5,5,6,12,10
710,49,Richardhaven,South Kelseyton,0,25,30,3.0914,3.0378,0.16,0.2133,1,4,8,7,7,8,16,14
711,49,Barnesburgh,North Chelseamouth,0,13,29,1.7777,4.3213,0.2225,0.2653,3,4,11,3,3,11,22,6
712,49,Nelsonhaven,South Lauren,0,24,37,2.5693,4.4016,0.1953,0.2287,5,4,9,6,6,9,20,12
713,49,West Susanchester,Luistown,0,35,35,3.6797,4.8197,0.1667,0.1805,4,3,5,5,5,5,10,10
714,49,Port Kristieberg,West Michaelview,0,24,33,2.7897,4.4009,0.1951,0.2551,1,3,10,7,7,10,23,14
715,49,Davistown,North Connorchester,0,27,20,3.0563,2.1986,0.154,0.1708,5,4,5,5,5,5,10,10
716,49,Pennytown,Jordanland,0,24,30,2.9897,2.2659,0.1777,0.1124,0,1,7,6,6,7,14,12
717,49,North Susanberg,West Kimfurt,0,27,23,3.3663,2.1378,0.2313,0.1447,3,2,5,5,5,5,10,10
718,49,Danielsburgh,Christopherhaven,0,28,30,3.8854,3.698,0.2004,0.2214,7,4,8,8,8,8,16,18
719,49,Port Chris,South Samuelberg,0,38,19,3.7563,2.4682,0.1942,0.2601,2,3,7,8,8,7,14,16
720,49,West Erin,North Brianside,0,37,31,4.4429,3.9583,0.1642,0.202,6,4,4,6,6,4,8,12
721,49,East Sarahhaven,Jeffreyville,1,33,42,3.8675,3.797,0.2221,0.1968,4,3,12,8,8,12,24,16
722,49,Port David,Jamesmouth,0,25,24,2.859,2.5803,0.2277,0.174,4,3,6,7,7,6,12,14
723,50,North Chelseamouth,Davistown,1,34,24,4.2268,3.1995,0.1674,0.2254,4,5,8,7,7,8,16,14
724,50,East Sarahhaven,South Lauren,0,26,33,2.3882,3.2511,0.1462,0.209,4,2,10,5,5,10,22,10
725,50,Lake Shaunfort,South Kelseyton,1,32,28,3.6137,3.2983,0.237,0.2024,5,6,8,7,7,8,16,16
726,50,Christopherhaven,Hunterborough,0,24,32,2.4181,4.5753,0.2208,0.1733,3,5,6,4,4,6,14,8
727,50,North Connorchester,Barnesburgh,0,37,36,4.4908,4.0097,0.1753,0.209,2,6,8,8,8,8,16,16
728,50,West Zachary,Richardhaven,0,23,27,2.8298,2.8262,0.2165,0.1465,2,4,2,5,5,2,4,10
729,50,West Susanchester,Jeffreyville,0,28,26,2.8799,3.0912,0.16,0.2439,3,2,6,3,3,6,12,6
730,50,Nelsonhaven,Pennytown,0,31,18,3.3952,2.1227,0.1877,0.2558,0,1,11,6,6,11,22,12
731,50,West Michaelview,Danielsburgh,0,18,28,1.851,2.7191,0.1466,0.173,4,1,8,5,5,8,18,10
732,50,Luistown,Lake David,1,26,36,2.2302,4.0791,0.2102,0.1705,5,6,6,7,7,6,12,16
733,50,West Erin,Port Kristieberg,0,26,28,3.7718,3.4896,0.266,0.2225,7,3,10,9,9,10,20,18
734,50,Port Chris,Port David,0,30,30,3.7018,4.7213,0.2078,0.2502,2,3,10,3,3,10,20,6
735,50,Jamesmouth,North Brianside,0,33,28,4.4497,2.5012,0.2401,0.1311,4,3,3,8,8,3,6,16
736,50,Jordanland,South Samuelberg,0,22,28,2.2196,4.0491,0.1961,0.2672,3,5,12,5,5,12,24,10
737,50,West Kimfurt,North Susanberg,0,33,24,3.5659,2.5534,0.2341,0.2373,3,2,6,10,10,6,12,20
738,51,Jordanland,North Chelseamouth,0,20,33,2.0973,5.1153,0.1565,0.2491,2,6,9,5,5,9,18,10
739,51,South Lauren,Danielsburgh,0,34,31,4.121,2.6016,0.2223,0.1179,3,2,5,12,12,5,10,24
740,51,Port David,South Kelseyton,0,30,26,2.9285,3.2026,0.1315,0.2449,6,4,6,1,1,6,12,2
741,51,West Michaelview,Pennytown,0,36,27,3.1412,2.2593,0.1431,0.1814,5,4,3,6,6,3,6,12
742,51,Christopherhaven,Port Kristieberg,0,30,25,4.1618,3.8504,0.1731,0.2667,3,4,7,12,12,7,14,24
743,51,Nelsonhaven,Davistown,0,36,28,4.1641,3.3019,0.1624,0.239,2,1,3,8,8,3,9,18
744,51,Jeffreyville,Richardhaven,0,33,18,3.4554,1.9249,0.2152,0.1575,5,2,5,7,7,5,10,16
745,51,Barnesburgh,Luistown,0,26,28,3.5091,3.1611,0.221,0.1659,2,3,9,6,6,9,18,12
746,51,Port Chris,East Sarahhaven,1,40,29,4.6165,4.3005,0.1744,0.2796,2,1,14,13,13,14,28,26
747,51,West Erin,North Connorchester,1,23,35,2.7952,3.1824,0.1576,0.1363,1,2,4,6,6,4,10,12
748,51,West Zachary,South Samuelberg,0,26,21,2.7916,2.2972,0.1501,0.1723,4,1,5,8,8,5,10,16
749,51,West Kimfurt,Lake David,0,24,29,1.5474,3.4328,0.1131,0.1701,1,4,7,2,2,7,14,4
750,51,Lake Shaunfort,West Susanchester,1,36,27,4.6152,3.0735,0.2542,0.2271,5,4,7,7,7,7,14,14
751,51,Hunterborough,Jamesmouth,1,22,24,2.7062,2.8636,0.2277,0.1661,5,4,5,4,4,5,10,8
752,52,North Chelseamouth,West Michaelview,1,20,32,2.6297,3.8778,0.2655,0.2684,3,4,12,6,6,12,24,12
753,52,Jordanland,North Connorchester,0,30,25,3.0971,3.3341,0.1954,0.2293,5,3,6,12,12,6,12,24
754,52,Pennytown,West Erin,0,25,34,2.3404,3.9636,0.1667,0.2321,3,9,6,4,4,6,12,8
755,52,South Samuelberg,Davistown,0,17,22,1.8309,2.3046,0.1641,0.1563,3,0,5,7,7,5,10,14
756,52,North Susanberg,Barnesburgh,1,36,24,3.8563,3.1155,0.163,0.2409,2,3,8,5,5,8,16,10
757,52,South Lauren,North Brianside,0,37,30,4.6756,2.8797,0.2092,0.1518,4,3,6,10,10,6,12,20
758,52,Luistown,Jamesmouth,0,30,25,3.9361,3.4684,0.2301,0.1664,3,5,9,10,10,9,18,22
759,52,Danielsburgh,Jeffreyville,0,24,32,2.4572,3.4359,0.1495,0.2327,2,6,11,2,2,11,27,4
760,52,Richardhaven,East Sarahhaven,0,24,26,2.3796,2.875,0.1525,0.2438,3,1,10,3,3,10,20,6
761,52,Port Chris,Lake David,0,26,19,2.6855,2.3948,0.207,0.1628,4,1,4,8,8,4,8,16
762,52,West Zachary,Nelsonhaven,1,33,29,3.9358,3.1101,0.1854,0.159,3,4,6,5,5,6,12,10
763,52,Hunterborough,Port David,0,49,35,5.4789,3.9283,0.1464,0.1524,10,2,4,3,3,4,8,6
764,52,South Kelseyton,West Susanchester,0,29,30,3.2732,3.5679,0.1536,0.2331,4,2,8,7,7,8,16,14
765,52,Lake Shaunfort,Port Kristieberg,0,38,22,5.551,2.5406,0.2696,0.2423,2,6,3,12,12,3,6,24
766,53,West Zachary,North Chelseamouth,0,18,35,2.2296,4.8446,0.2369,0.1848,1,6,10,6,6,10,20,12
767,53,Christopherhaven,Jordanland,0,22,28,2.5526,3.7217,0.2001,0.2571,2,4,8,4,4,8,19,8
768,53,South Samuelberg,Pennytown,0,34,28,4.1996,2.5171,0.1723,0.1723,4,3,4,9,9,4,8,18
769,53,West Michaelview,West Kimfurt,0,30,28,2.8884,2.4827,0.1379,0.1374,2,4,7,3,3,7,14,6
770,53,Barnesburgh,Nelsonhaven,1,30,31,3.6782,3.3718,0.1716,0.1552,2,3,2,3,3,2,4,6
771,53,Davistown,North Brianside,0,26,28,3.0005,3.3097,0.1628,0.229,1,4,6,3,3,6,14,8
772,53,East Sarahhaven,Lake Shaunfort,1,37,28,4.4515,2.9655,0.1623,0.2074,3,4,11,6,6,11,22,12
773,53,North Connorchester,Danielsburgh,0,31,33,3.8563,3.208,0.164,0.1653,3,4,2,6,6,2,6,12
774,53,Richardhaven,Jamesmouth,0,38,28,4.2263,2.9036,0.2275,0.1471,8,3,6,10,10,6,14,20
775,53,Jeffreyville,Hunterborough,0,26,39,2.4651,5.294,0.1527,0.2535,3,7,9,6,6,9,18,12
776,53,Port Chris,North Susanberg,0,25,25,3.3477,2.8615,0.2524,0.19,4,3,5,7,7,5,10,14
777,53,South Lauren,West Erin,0,37,25,3.4224,2.5613,0.1243,0.1661,4,1,12,10,10,12,24,20
778,53,Port Kristieberg,Luistown,0,25,30,2.7079,4.1544,0.149,0.1867,1,5,11,5,5,11,22,10
779,54,Port Chris,North Chelseamouth,0,15,27,2.0023,3.9136,0.2425,0.2629,1,3,4,4,4,4,8,8
780,54,Luistown,North Brianside,0,23,33,2.8907,3.8351,0.1651,0.187,2,1,4,6,6,4,8,15
781,54,Jordanland,West Susanchester,0,23,34,2.8661,3.9305,0.1827,0.1782,2,3,3,9,9,3,6,20
782,54,South Samuelberg,West Michaelview,0,24,31,2.4197,2.7749,0.1828,0.2091,4,3,7,7,7,7,14,14
783,54,Port Kristieberg,Barnesburgh,0,32,30,3.7891,4.0301,0.1783,0.1661,5,1,10,6,6,10,20,12
784,54,Lake Shaunfort,Jeffreyville,0,32,22,3.6091,2.1341,0.1546,0.1451,7,3,4,2,2,4,10,4
785,54,West Kimfurt,North Connorchester,0,25,23,2.3954,2.7483,0.1485,0.236,1,0,8,9,9,8,16,18
786,54,North Susanberg,Danielsburgh,0,33,31,3.8075,3.1538,0.234,0.1678,7,2,6,9,9,6,12,18
787,54,Nelsonhaven,Christopherhaven,0,17,33,2.8261,3.9952,0.2785,0.1874,3,2,5,7,7,5,10,16
788,54,West Zachary,Port David,0,27,30,2.7343,4.1819,0.2399,0.2331,2,6,12,5,5,12,26,10
789,54,Lake David,Richardhaven,1,28,42,3.3266,3.6561,0.1645,0.2103,3,4,6,4,4,6,12,8
790,54,South Kelseyton,Jamesmouth,1,55,36,6.4254,4.3175,0.1762,0.2432,2,1,7,13,13,7,14,28
791,54,West Erin,East Sarahhaven,1,34,26,3.4625,2.3655,0.1926,0.1531,4,3,7,9,9,7,14,18
792,54,South Lauren,Hunterborough,1,47,43,4.8196,4.7957,0.2196,0.177,3,4,7,5,5,7,14,10
793,55,West Susanchester,North Chelseamouth,1,32,27,4.0393,4.1905,0.194,0.242,4,3,10,5,5,10,20,10
794,55,Danielsburgh,South Samuelberg,1,36,31,3.8508,4.0026,0.1787,0.2489,7,6,9,6,6,9,18,15
795,55,Lake David,Barnesburgh,0,34,47,4.2091,3.9802,0.2102,0.1962,0,6,9,8,8,9,18,19
796,55,Luistown,West Kimfurt,1,35,28,4.6632,3.4218,0.2266,0.2433,7,6,10,11,11,10,20,22
797,55,Jordanland,South Kelseyton,0,33,28,2.9322,3.6605,0.1318,0.2554,1,6,7,4,4,7,14,8
798,55,Jeffreyville,East Sarahhaven,0,38,24,3.6439,2.5336,0.2113,0.1417,6,1,5,8,8,5,10,16
799,55,Nelsonhaven,Lake Shaunfort,1,35,30,4.8524,3.1754,0.1995,0.173,4,3,5,8,8,5,10,16
800,55,West Michaelview,Hunterborough,1,21,31,2.4144,3.6522,0.2163,0.223,4,3,8,4,4,8,16,10
801,55,Christopherhaven,West Erin,0,38,19,4.2765,2.5369,0.2319,0.1803,4,3,3,8,8,3,6,16
802,55,North Brianside,West Zachary,0,18,26,2.2249,2.9597,0.1718,0.2067,3,1,5,4,4,5,10,8
803,55,Pennytown,Port Chris,0,22,31,3.0367,3.6615,0.1866,0.2242,3,2,6,7,7,6,12,14
804,55,Davistown,Jamesmouth,0,37,17,4.4643,1.6124,0.2343,0.1246,5,1,2,7,7,2,4,14
805,55,Port Kristieberg,Richardhaven,0,31,25,4.0468,3.1389,0.2246,0.1747,4,2,7,7,7,7,14,14
806,55,South Lauren,North Connorchester,1,30,41,2.8262,3.7765,0.1469,0.126,4,3,5,6,6,5,10,12
807,56,North Chelseamouth,West Erin,0,19,25,2.3757,2.8581,0.1762,0.1634,0,3,4,4,4,4,8,8
808,56,East Sarahhaven,South Samuelberg,0,29,32,3.699,3.3154,0.2257,0.1757,5,4,6,7,7,6,12,14
809,56,North Brianside,Danielsburgh,0,39,29,5.9994,3.5401,0.2613,0.2602,5,3,6,10,10,6,12,20
810,56,Barnesburgh,Lake David,0,34,20,3.2693,2.2648,0.2145,0.1815,4,0,7,8,8,7,14,16
811,56,Hunterborough,West Zachary,1,44,28,6.2456,2.7425,0.2501,0.1533,4,3,5,15,15,5,12,30
812,56,Richardhaven,Jeffreyville,0,32,28,3.7982,2.4133,0.1645,0.1605,4,2,4,4,4,4,8,8
813,56,Luistown,Lake Shaunfort,0,20,38,2.4041,5.011,0.1991,0.2445,2,4,11,4,4,11,22,8
814,56,Christopherhaven,Davistown,0,25,21,2.3424,2.975,0.2039,0.2645,4,3,6,2,2,6,12,4
815,56,West Susanchester,West Michaelview,0,24,23,2.6054,2.9346,0.166,0.2308,1,2,9,6,6,9,18,12
816,56,North Connorchester,West Kimfurt,0,20,27,2.3375,2.2754,0.1962,0.1249,1,2,6,8,8,6,12,16
817,56,Pennytown,Jamesmouth,0,27,34,2.8684,4.0886,0.1694,0.234,1,5,9,7,7,9,18,14
818,56,North Susanberg,Port Chris,0,25,27,3.5848,3.207,0.2539,0.2111,5,3,6,4,4,6,12,8
819,56,Nelsonhaven,Port David,0,32,18,3.7685,2.2219,0.2378,0.2231,7,3,7,8,8,7,17,16
820,57,Port Kristieberg,North Chelseamouth,0,32,19,4.903,2.5192,0.2071,0.2612,2,3,4,8,8,4,8,16
821,57,Barnesburgh,Jamesmouth,0,29,33,3.5068,3.9998,0.1887,0.2429,3,4,6,7,7,6,12,14
822,57,North Brianside,Lake Shaunfort,0,29,26,3.3862,3.0019,0.1695,0.1648,5,3,5,6,6,5,10,12
823,57,West Erin,Danielsburgh,0,25,31,2.9777,3.1463,0.1814,0.1511,2,4,4,2,2,4,11,4
824,57,South Samuelberg,North Connorchester,0,18,26,2.2258,2.8407,0.1738,0.2138,0,3,7,7,7,7,14,14
825,57,South Kelseyton,Davistown,0,24,19,3.012,2.2296,0.2407,0.1823,3,2,5,8,8,5,10,16
826,57,Jeffreyville,Port David,0,29,28,2.8447,2.9142,0.2064,0.1644,4,3,2,6,6,2,4,12
827,57,Nelsonhaven,Luistown,0,39,25,5.5153,3.2065,0.261,0.1718,6,2,8,11,11,8,16,22
828,57,Lake David,Port Chris,0,32,35,4.3871,3.0242,0.2269,0.1986,3,4,8,4,4,8,16,10
829,57,North Susanberg,Hunterborough,1,26,37,2.6629,4.1683,0.1708,0.1641,2,3,8,1,1,8,16,2
830,57,West Kimfurt,Jordanland,0,22,14,2.6265,1.4173,0.2308,0.1424,1,2,7,8,8,7,14,16
831,57,South Lauren,West Michaelview,1,24,30,2.3077,2.3909,0.2178,0.1233,2,3,2,6,6,2,4,12
832,57,Christopherhaven,Pennytown,0,25,18,2.3023,2.6534,0.1602,0.1943,2,3,7,3,3,7,14,6
833,58,North Brianside,Barnesburgh,0,29,27,3.2636,3.0943,0.1714,0.1532,1,3,4,4,4,4,8,8
834,58,Danielsburgh,Lake David,0,31,38,2.3694,5.5968,0.1349,0.2586,3,7,10,5,5,10,20,10
835,58,South Samuelberg,Christopherhaven,0,19,28,3.0968,2.7961,0.2808,0.2029,5,4,5,8,8,5,10,16
836,58,Port David,West Zachary,0,19,19,1.829,2.1147,0.1413,0.1648,2,5,4,1,1,4,10,2
837,58,Jamesmouth,Luistown,0,28,20,4.0333,2.1653,0.2402,0.197,4,2,6,8,8,6,12,16
838,58,Hunterborough,South Kelseyton,0,36,32,3.6114,3.9157,0.1486,0.1901,1,4,9,4,4,9,20,8
839,58,West Kimfurt,Davistown,1,34,43,3.2083,4.8096,0.1901,0.2209,3,2,12,12,12,12,24,24
840,58,Jeffreyville,North Chelseamouth,0,29,16,4.1198,2.2008,0.2573,0.2136,3,2,3,14,14,3,6,28
841,58,Pennytown,Port Kristieberg,0,31,29,4.5326,2.9757,0.2559,0.2228,4,5,7,11,11,7,14,22
842,58,West Michaelview,North Connorchester,0,18,28,1.8616,3.5293,0.1618,0.2245,1,3,9,2,2,9,21,4
843,58,West Susanchester,Nelsonhaven,0,27,26,3.2943,3.9449,0.1651,0.1936,2,5,8,3,3,8,16,6
844,58,Jordanland,North Susanberg,0,27,24,2.8793,3.1879,0.1707,0.2562,1,3,10,6,6,10,20,12
845,58,Lake Shaunfort,East Sarahhaven,0,25,30,2.2457,3.7662,0.1358,0.2595,2,1,6,2,2,6,12,6
846,59,Danielsburgh,West Zachary,0,29,27,3.2296,2.9782,0.1571,0.2413,4,1,7,8,8,7,17,16
847,59,Davistown,Christopherhaven,0,22,34,3.363,2.9806,0.2537,0.1846,4,1,6,7,7,6,17,14
848,59,Barnesburgh,Jeffreyville,1,16,34,1.8587,3.3904,0.1694,0.1405,2,3,9,6,6,9,18,12
849,59,Lake David,Nelsonhaven,1,27,42,3.1215,4.4388,0.2332,0.2195,3,4,12,4,4,12,27,8
850,59,Port Kristieberg,East Sarahhaven,0,22,32,2.7186,4.4699,0.158,0.2604,5,1,8,10,10,8,16,20
851,59,South Samuelberg,West Kimfurt,0,38,33,4.9394,2.6659,0.2746,0.1863,3,1,3,6,6,3,6,12
852,59,Pennytown,South Kelseyton,0,22,31,2.8342,3.5023,0.1852,0.2246,3,4,10,5,5,10,22,10
853,59,Port David,Richardhaven,0,31,32,3.0593,3.2853,0.1421,0.1452,4,5,5,5,5,5,10,10
854,59,Hunterborough,Jordanland,0,27,16,4.157,1.2682,0.1985,0.1253,7,1,4,10,10,4,8,20
855,59,Jamesmouth,North Susanberg,0,27,19,3.3041,1.4506,0.1768,0.1094,7,3,3,8,8,3,6,16
856,59,West Erin,West Susanchester,1,30,35,4.4256,3.6473,0.2308,0.1506,3,4,6,9,9,6,12,18
857,59,Lake Shaunfort,South Lauren,0,23,30,2.3556,3.1342,0.2148,0.2154,3,1,8,3,3,8,19,6
858,60,West Zachary,Port Chris,1,26,29,3.6793,3.8629,0.2372,0.2426,5,4,11,5,5,11,22,10
859,60,Danielsburgh,South Lauren,0,28,32,2.9946,3.6022,0.2408,0.1793,4,3,7,10,10,7,14,20
860,60,Port Kristieberg,Jeffreyville,0,36,30,5.1033,2.9474,0.1904,0.1527,4,5,6,7,7,6,14,14
861,60,West Susanchester,Christopherhaven,0,14,35,2.1496,4.6416,0.2278,0.1898,1,3,5,4,4,5,10,8
862,60,North Brianside,Lake David,0,29,34,2.3932,4.4615,0.1575,0.2383,1,7,8,7,7,8,16,14
863,60,Nelsonhaven,Jamesmouth,0,26,34,3.0731,4.3095,0.1696,0.1708,4,3,4,5,5,4,8,10
864,60,South Kelseyton,West Kimfurt,0,30,31,4.8893,3.1095,0.2349,0.2038,3,5,10,10,10,10,20,20
865,60,Barnesburgh,Pennytown,0,30,27,2.7219,3.3279,0.1229,0.234,5,1,5,2,2,5,10,4
866,61,North Brianside,Port David,0,30,33,4.0904,4.4081,0.2044,0.2448,5,6,9,7,7,9,18,16
867,61,West Zachary,North Susanberg,0,27,23,3.1694,3.0332,0.2244,0.2244,2,1,10,8,8,10,22,16
868,61,Danielsburgh,Jordanland,0,23,28,2.5707,3.3221,0.1496,0.2327,2,3,8,1,1,8,16,2
869,61,Richardhaven,Lake David,0,30,22,2.7091,2.5411,0.1961,0.2086,3,4,9,7,7,9,18,14
870,62,North Brianside,Port Kristieberg,0,29,28,4.1458,4.1624,0.2459,0.2373,4,3,11,7,7,11,22,14
