team,coach,playstyle,player,position,creation,conversion,suppression,prevention,goalkeeping,stamina,discipline,total
West Michaelview,Lauren Cortez,complementary,William Garcia,F,-0.454,0.350,0.494,-1.207,0.000,1.976,-0.084,-0.817
West Michaelview,Lauren Cortez,complementary,Bill Webb,F,0.691,-0.444,-1.160,0.991,0.000,-0.132,0.560,0.079
West Michaelview,Lauren Cortez,complementary,Luis Herman,F,-1.222,1.606,0.617,1.064,0.000,-1.672,-0.695,2.065
West Michaelview,Lauren Cortez,complementary,Patrick Wong,F,-0.468,0.729,1.773,0.484,0.000,-2.683,0.566,2.518
West Michaelview,Lauren Cortez,complementary,Andrew Hoffman,F,-1.445,-1.221,0.628,-1.849,0.000,-0.153,0.016,-3.887
West Michaelview,Lauren Cortez,complementary,Allen Sandoval,F,-0.453,-0.930,-0.810,0.109,0.000,1.622,1.748,-2.084
West Michaelview,Lauren Cortez,complementary,Richard Holland,F,-1.498,0.717,-1.076,1.310,0.000,-0.411,-0.505,-0.546
West Michaelview,Lauren Cortez,complementary,Gene Rodgers,F,1.800,-0.826,0.534,1.349,0.000,-0.824,0.096,2.858
West Michaelview,Lauren Cortez,complementary,Kenneth Wheeler,F,0.335,-0.284,-0.433,-0.926,0.000,0.454,-0.329,-1.308
West Michaelview,Lauren Cortez,complementary,Mark Johnston,F,1.971,-1.391,0.449,0.492,0.000,-0.504,-0.376,1.521
West Michaelview,Lauren Cortez,complementary,Stephen Adams,F,0.893,-0.624,0.448,0.689,0.000,-0.600,-1.799,1.405
West Michaelview,Lauren Cortez,complementary,Ray Walton,F,-0.987,-0.668,-0.204,-2.121,0.000,0.117,0.336,-3.980
West Michaelview,Lauren Cortez,complementary,Steve Ashley,D,0.606,1.342,0.048,-0.230,0.000,-1.123,-0.382,1.767
West Michaelview,Lauren Cortez,complementary,Samuel Dixon,D,0.020,0.542,2.414,1.704,0.000,-0.018,-0.645,4.679
West Michaelview,Lauren Cortez,complementary,Charles Smith,D,-1.114,0.375,1.954,-0.767,0.000,0.959,0.292,0.448
West Michaelview,Lauren Cortez,complementary,Bryan Fisher,D,-1.106,-1.429,1.554,-0.594,0.000,-0.090,-1.717,-1.574
West Michaelview,Lauren Cortez,complementary,Jeffrey Henderson,D,-0.676,0.237,-1.629,0.882,0.000,-0.544,1.032,-1.187
West Michaelview,Lauren Cortez,complementary,James Miles,D,1.135,-1.977,0.718,1.349,0.000,-1.116,1.507,1.226
West Michaelview,Lauren Cortez,complementary,Darrell Smith,G,0.000,0.000,0.000,0.000,0.200,-1.391,-1.877,0.200
West Michaelview,Lauren Cortez,complementary,Andrew Cox,G,0.000,0.000,0.000,0.000,0.394,0.126,0.243,0.394
Pennytown,Claudia Cox,hyper-defensive,Todd Wilson,F,-0.437,-0.785,-1.719,-0.595,0.000,-0.960,-1.873,-3.536
Pennytown,Claudia Cox,hyper-defensive,William Smith,F,-1.264,0.605,-0.520,0.795,0.000,-0.740,-0.198,-0.385
Pennytown,Claudia Cox,hyper-defensive,Matthew Anderson,F,1.309,-1.075,-0.602,-0.934,0.000,-1.231,0.740,-1.304
Pennytown,Claudia Cox,hyper-defensive,Kevin Villarreal,F,0.007,1.062,0.090,-0.247,0.000,-1.463,-1.482,0.913
Pennytown,Claudia Cox,hyper-defensive,David Kelly,F,0.327,-0.756,0.536,1.085,0.000,-1.151,0.418,1.193
Pennytown,Claudia Cox,hyper-defensive,Bryan Johnson,F,0.164,-0.596,-2.084,-0.363,0.000,1.441,-0.599,-2.879
Pennytown,Claudia Cox,hyper-defensive,Austin Potter,F,0.895,1.164,-1.299,0.902,0.000,-0.573,-0.743,1.661
Pennytown,Claudia Cox,hyper-defensive,Bernard Holmes,F,-0.163,0.413,-2.759,-1.116,0.000,0.544,-0.679,-3.626
Pennytown,Claudia Cox,hyper-defensive,Thomas Owens,F,1.889,-1.715,-2.389,0.503,0.000,-0.181,-0.194,-1.712
Pennytown,Claudia Cox,hyper-defensive,Anthony Orozco,F,-2.055,-0.206,0.596,0.425,0.000,-0.031,0.077,-1.240
Pennytown,Claudia Cox,hyper-defensive,Joshua Franklin,F,0.338,-2.826,1.494,2.223,0.000,0.637,-0.238,1.229
Pennytown,Claudia Cox,hyper-defensive,Ryan Allen,F,0.123,-1.166,-1.352,0.593,0.000,0.809,0.174,-1.803
Pennytown,Claudia Cox,hyper-defensive,Charles Gordon,D,-0.793,0.525,-0.699,-1.413,0.000,-1.177,-0.185,-2.380
Pennytown,Claudia Cox,hyper-defensive,Jeremy Powell,D,-0.637,1.020,1.283,-1.067,0.000,2.674,-0.119,0.599
Pennytown,Claudia Cox,hyper-defensive,Travis Stephens,D,1.741,0.669,-0.262,-0.085,0.000,0.210,0.936,2.063
Pennytown,Claudia Cox,hyper-defensive,Seth Mckee,D,-0.658,0.069,-1.135,0.540,0.000,0.315,-1.255,-1.184
Pennytown,Claudia Cox,hyper-defensive,Spencer Nelson,D,-0.012,-0.640,-0.126,0.577,0.000,0.580,0.561,-0.202
Pennytown,Claudia Cox,hyper-defensive,David Nash,D,-1.932,-0.222,-1.041,-0.820,0.000,-0.176,-0.697,-4.014
Pennytown,Claudia Cox,hyper-defensive,John Guzman,G,0.000,0.000,0.000,0.000,1.158,-1.837,2.035,1.158
Pennytown,Claudia Cox,hyper-defensive,John Contreras,G,0.000,0.000,0.000,0.000,1.168,0.372,-0.942,1.168
North Connorchester,David Mcdaniel,hyper-defensive,Randy Watson,F,-0.374,-0.480,0.663,-0.436,0.000,0.087,0.951,-0.627
North Connorchester,David Mcdaniel,hyper-defensive,Nicholas Young,F,1.189,0.275,-1.091,-0.024,0.000,-1.683,-0.311,0.349
North Connorchester,David Mcdaniel,hyper-defensive,Christian Cox,F,0.383,-0.007,-0.366,1.326,0.000,0.035,-1.028,1.336
North Connorchester,David Mcdaniel,hyper-defensive,Luis Taylor,F,-0.742,-0.079,0.839,-1.840,0.000,1.062,1.442,-1.822
North Connorchester,David Mcdaniel,hyper-defensive,Robert Wheeler,F,-0.221,0.514,0.490,0.088,0.000,-0.772,-1.357,0.871
North Connorchester,David Mcdaniel,hyper-defensive,Michael Mccarthy,F,0.239,0.579,-0.232,0.282,0.000,-0.344,-0.415,0.868
North Connorchester,David Mcdaniel,hyper-defensive,James Johnston,F,-1.444,0.409,-1.378,-0.322,0.000,0.491,0.175,-2.737
North Connorchester,David Mcdaniel,hyper-defensive,Ronald Lucas,F,0.605,0.184,-0.489,-0.593,0.000,-0.725,-0.211,-0.292
North Connorchester,David Mcdaniel,hyper-defensive,Robert Sanders,F,-0.499,-2.554,-0.355,-2.211,0.000,0.034,-0.387,-5.619
North Connorchester,David Mcdaniel,hyper-defensive,Jason Miller,F,-0.067,0.844,0.839,0.764,0.000,-1.274,0.010,2.380
North Connorchester,David Mcdaniel,hyper-defensive,John Donovan,F,2.759,0.032,0.589,0.538,0.000,1.080,-0.819,3.918
North Connorchester,David Mcdaniel,hyper-defensive,Jason Reed,F,0.674,0.256,0.910,0.294,0.000,0.947,-1.016,2.134
North Connorchester,David Mcdaniel,hyper-defensive,Michael Kelly,D,-0.348,-1.109,-1.284,-1.327,0.000,-2.183,0.652,-4.068
North Connorchester,David Mcdaniel,hyper-defensive,Tyler Bradford,D,0.414,-0.902,1.025,-0.346,0.000,-1.012,0.245,0.191
North Connorchester,David Mcdaniel,hyper-defensive,Gregory Perez,D,-0.062,0.769,0.884,0.812,0.000,-0.962,0.067,2.404
North Connorchester,David Mcdaniel,hyper-defensive,Thomas Sexton,D,-1.786,0.002,-0.657,-0.094,0.000,-3.068,0.752,-2.535
North Connorchester,David Mcdaniel,hyper-defensive,Randy Mccormick,D,-0.096,0.544,-0.326,-1.418,0.000,0.098,-0.428,-1.295
North Connorchester,David Mcdaniel,hyper-defensive,Thomas Myers,D,1.372,1.727,-0.869,-0.058,0.000,-1.013,-0.139,2.172
North Connorchester,David Mcdaniel,hyper-defensive,Seth Moore,G,0.000,0.000,0.000,0.000,0.978,0.331,-0.179,0.978
North Connorchester,David Mcdaniel,hyper-defensive,Matthew Duffy,G,0.000,0.000,0.000,0.000,0.298,-0.823,0.321,0.298
North Chelseamouth,Diane Davidson,star-centric,Christopher Arnold,F,-1.028,0.952,-0.478,0.175,0.000,0.125,0.877,-0.379
North Chelseamouth,Diane Davidson,star-centric,Joseph Flowers,F,-0.648,0.737,1.034,-1.008,0.000,-1.170,-0.320,0.115
North Chelseamouth,Diane Davidson,star-centric,Michael Nichols,F,0.216,0.880,1.474,0.977,0.000,0.552,-0.398,3.548
North Chelseamouth,Diane Davidson,star-centric,Brandon Todd,F,0.192,-0.549,0.214,0.670,0.000,-0.181,0.185,0.526
North Chelseamouth,Diane Davidson,star-centric,James Garcia,F,-1.193,-0.098,-1.198,-0.578,0.000,-1.213,0.852,-3.067
North Chelseamouth,Diane Davidson,star-centric,Timothy Moore,F,-0.988,-0.441,0.694,-1.199,0.000,0.251,0.853,-1.934
North Chelseamouth,Diane Davidson,star-centric,Stanley Mann,F,0.119,0.795,-0.174,-0.198,0.000,-0.270,0.743,0.543
North Chelseamouth,Diane Davidson,star-centric,Jeremy Morgan,F,-1.155,-0.220,0.318,1.587,0.000,-1.722,-0.323,0.530
North Chelseamouth,Diane Davidson,star-centric,Gregory Jackson,F,0.935,1.212,-0.328,-0.955,0.000,1.773,0.941,0.863
North Chelseamouth,Diane Davidson,star-centric,Anthony Perez,F,0.666,1.600,0.800,-0.758,0.000,-0.775,0.053,2.307
North Chelseamouth,Diane Davidson,star-centric,David Boyle,F,-1.422,-0.085,-0.866,-2.443,0.000,0.239,-0.779,-4.816
North Chelseamouth,Diane Davidson,star-centric,Kristopher Collins,F,0.687,3.152,0.843,-0.028,0.000,-0.852,-1.062,4.655
North Chelseamouth,Diane Davidson,star-centric,Michael Wyatt,D,0.477,0.376,-1.375,-2.179,0.000,-0.250,-0.784,-2.701
North Chelseamouth,Diane Davidson,star-centric,Sean Morris,D,-0.161,-0.436,0.239,0.360,0.000,-0.213,-0.498,0.001
North Chelseamouth,Diane Davidson,star-centric,Gregory Shea,D,-0.234,0.454,-0.077,-0.576,0.000,0.059,1.455,-0.434
North Chelseamouth,Diane Davidson,star-centric,Samuel Tran,D,0.225,2.068,1.267,0.259,0.000,0.916,-1.493,3.818
North Chelseamouth,Diane Davidson,star-centric,Derek Roth,D,0.925,-0.872,1.573,0.271,0.000,1.009,-0.333,1.897
North Chelseamouth,Diane Davidson,star-centric,Jeremiah Hawkins,D,-0.222,-0.112,-0.586,-1.484,0.000,-1.460,0.718,-2.404
North Chelseamouth,Diane Davidson,star-centric,Scott Delgado,G,0.000,0.000,0.000,0.000,-0.004,0.693,-0.957,-0.004
North Chelseamouth,Diane Davidson,star-centric,Jeremy Barnes,G,0.000,0.000,0.000,0.000,1.707,1.599,0.099,1.707
Richardhaven,Jeffrey Gray,balanced,Justin Meza,F,0.243,-1.714,0.889,-0.867,0.000,-0.043,-0.241,-1.450
Richardhaven,Jeffrey Gray,balanced,Jerome Stephens,F,0.561,-0.299,-1.441,0.726,0.000,1.345,-0.531,-0.454
Richardhaven,Jeffrey Gray,balanced,Vincent Mitchell,F,-0.948,0.116,0.579,-0.959,0.000,-0.807,0.886,-1.212
Richardhaven,Jeffrey Gray,balanced,Scott Huerta,F,0.218,0.831,-0.170,-2.333,0.000,-1.069,-0.416,-1.454
Richardhaven,Jeffrey Gray,balanced,Joe Graham,F,1.244,0.799,1.169,-0.923,0.000,-1.103,-1.304,2.289
Richardhaven,Jeffrey Gray,balanced,Joshua Walker,F,0.326,-0.773,0.256,0.142,0.000,-1.081,-0.190,-0.049
Richardhaven,Jeffrey Gray,balanced,Dustin Gibson,F,2.128,-0.087,1.174,0.094,0.000,-0.104,0.901,3.308
Richardhaven,Jeffrey Gray,balanced,Douglas Callahan,F,-1.202,0.008,0.380,0.945,0.000,0.243,-1.740,0.131
Richardhaven,Jeffrey Gray,balanced,Harold Cruz,F,-0.183,-1.244,-1.218,0.003,0.000,2.324,0.667,-2.642
Richardhaven,Jeffrey Gray,balanced,Patrick Smith,F,-1.049,-0.168,-0.173,0.403,0.000,-0.255,-0.770,-0.988
Richardhaven,Jeffrey Gray,balanced,Eric Stafford,F,0.003,0.638,0.185,0.455,0.000,-0.970,0.145,1.282
Richardhaven,Jeffrey Gray,balanced,Erik Johnson,F,0.262,0.716,0.556,0.520,0.000,-0.574,-0.757,2.053
Richardhaven,Jeffrey Gray,balanced,Christopher Gould,D,0.158,0.084,-0.339,-0.014,0.000,1.585,-0.930,-0.111
Richardhaven,Jeffrey Gray,balanced,Randy Romero,D,0.404,0.123,-1.471,0.236,0.000,0.794,-0.121,-0.709
Richardhaven,Jeffrey Gray,balanced,James Johnson,D,0.877,2.264,-1.833,-0.229,0.000,-0.044,-0.695,1.079
Richardhaven,Jeffrey Gray,balanced,Matthew Rubio,D,1.645,-0.387,0.451,0.183,0.000,1.046,0.720,1.893
Richardhaven,Jeffrey Gray,balanced,Robert Howard,D,0.742,-0.441,0.000,-0.981,0.000,0.423,0.304,-0.679
Richardhaven,Jeffrey Gray,balanced,Edward Jones,D,-0.108,-0.540,-1.195,1.162,0.000,1.099,0.837,-0.680
Richardhaven,Jeffrey Gray,balanced,Fred Bartlett,G,0.000,0.000,0.000,0.000,0.837,-0.520,0.398,0.837
Richardhaven,Jeffrey Gray,balanced,Brian Wilson,G,0.000,0.000,0.000,0.000,-0.662,-0.048,0.976,-0.662
South Samuelberg,Ryan Anderson,hyper-defensive,Michael Reid,F,-0.809,-0.476,-0.088,-2.024,0.000,0.545,0.434,-3.397
South Samuelberg,Ryan Anderson,hyper-defensive,Casey Bowers,F,1.012,0.751,0.845,2.880,0.000,-0.765,2.667,5.487
South Samuelberg,Ryan Anderson,hyper-defensive,Alexander Goodwin,F,-0.334,-1.168,1.672,1.770,0.000,0.814,-2.060,1.941
South Samuelberg,Ryan Anderson,hyper-defensive,James Ross,F,0.140,1.847,-0.695,-0.186,0.000,-0.335,0.266,1.105
South Samuelberg,Ryan Anderson,hyper-defensive,Reginald Davis,F,0.709,-1.799,1.029,-0.311,0.000,-2.228,0.818,-0.373
South Samuelberg,Ryan Anderson,hyper-defensive,Christian Johnson,F,-1.127,-0.058,0.872,0.334,0.000,0.861,-1.287,0.020
South Samuelberg,Ryan Anderson,hyper-defensive,Mason Burns,F,-0.861,0.891,1.097,-1.162,0.000,-0.919,0.240,-0.036
South Samuelberg,Ryan Anderson,hyper-defensive,Samuel Ochoa,F,1.634,-2.160,-0.955,-0.657,0.000,-0.503,-0.800,-2.138
South Samuelberg,Ryan Anderson,hyper-defensive,Christopher Case,F,0.368,-1.143,-1.761,-0.720,0.000,0.232,1.515,-3.256
South Samuelberg,Ryan Anderson,hyper-defensive,Benjamin Escobar,F,1.389,1.132,0.785,-2.407,0.000,-0.944,-0.815,0.899
South Samuelberg,Ryan Anderson,hyper-defensive,Michael Ellis,F,0.789,-0.549,0.672,1.853,0.000,1.351,1.772,2.765
South Samuelberg,Ryan Anderson,hyper-defensive,William Morgan,F,-1.075,-1.157,0.814,0.724,0.000,-0.467,-0.813,-0.694
South Samuelberg,Ryan Anderson,hyper-defensive,Stephen Perez,D,0.166,1.643,-2.071,0.594,0.000,0.208,-0.246,0.332
South Samuelberg,Ryan Anderson,hyper-defensive,Douglas Sparks,D,-1.014,2.100,0.488,0.696,0.000,0.561,0.314,2.269
South Samuelberg,Ryan Anderson,hyper-defensive,Ronald Rice,D,0.520,1.902,-1.712,-1.052,0.000,-0.666,-2.177,-0.342
South Samuelberg,Ryan Anderson,hyper-defensive,Keith Mcbride,D,0.316,-1.505,1.043,0.912,0.000,0.673,0.843,0.766
South Samuelberg,Ryan Anderson,hyper-defensive,Christopher Walker,D,-1.461,-2.801,1.883,0.374,0.000,0.402,1.604,-2.005
South Samuelberg,Ryan Anderson,hyper-defensive,Donald Carr,D,-0.418,1.037,-0.578,-0.730,0.000,-1.084,0.507,-0.689
South Samuelberg,Ryan Anderson,hyper-defensive,Troy Bowman,G,0.000,0.000,0.000,0.000,0.960,0.868,-0.040,0.960
South Samuelberg,Ryan Anderson,hyper-defensive,Cesar Mitchell,G,0.000,0.000,0.000,0.000,0.755,0.348,0.697,0.755
South Lauren,Matthew Duncan,hyper-defensive,Richard Goodwin,F,-1.499,0.153,1.429,0.185,0.000,0.404,2.030,0.267
South Lauren,Matthew Duncan,hyper-defensive,Tyler Bridges,F,-0.192,0.039,1.493,0.753,0.000,1.284,-0.154,2.093
South Lauren,Matthew Duncan,hyper-defensive,Darryl Johnson,F,-0.998,0.059,0.585,-0.009,0.000,-0.965,-0.079,-0.363
South Lauren,Matthew Duncan,hyper-defensive,Robert Brooks,F,1.394,-0.211,0.829,-1.183,0.000,0.870,-0.349,0.830
South Lauren,Matthew Duncan,hyper-defensive,Charles Morales,F,-0.212,0.250,-0.522,-1.726,0.000,-1.886,0.804,-2.210
South Lauren,Matthew Duncan,hyper-defensive,Lawrence Wilkerson,F,-0.100,0.963,-0.079,2.348,0.000,1.525,0.355,3.133
South Lauren,Matthew Duncan,hyper-defensive,Craig Davis,F,2.037,-0.015,-0.050,-0.269,0.000,-1.765,0.689,1.703
South Lauren,Matthew Duncan,hyper-defensive,Walter Diaz,F,-0.504,-1.233,-0.428,-0.448,0.000,0.932,2.370,-2.613
South Lauren,Matthew Duncan,hyper-defensive,John Rich,F,0.857,-1.006,-1.994,-1.031,0.000,0.367,1.589,-3.174
South Lauren,Matthew Duncan,hyper-defensive,Jeremy Lee,F,-0.725,-1.408,2.688,-0.697,0.000,-0.006,1.014,-0.141
South Lauren,Matthew Duncan,hyper-defensive,Thomas Smith,F,0.779,-0.155,1.924,2.207,0.000,0.138,-1.257,4.755
South Lauren,Matthew Duncan,hyper-defensive,Daniel Taylor,F,-1.244,0.092,-0.196,-1.165,0.000,0.379,0.922,-2.513
South Lauren,Matthew Duncan,hyper-defensive,Michael Oneill,D,0.333,0.248,0.907,0.777,0.000,-0.444,-1.186,2.264
South Lauren,Matthew Duncan,hyper-defensive,Victor Richardson,D,-0.168,0.800,-0.604,-1.073,0.000,2.392,0.293,-1.044
South Lauren,Matthew Duncan,hyper-defensive,Jonathan Marquez,D,0.730,-0.588,0.867,0.976,0.000,0.428,1.388,1.984
South Lauren,Matthew Duncan,hyper-defensive,Robert Nelson,D,-0.136,-1.562,-0.187,-0.620,0.000,-0.126,0.502,-2.505
South Lauren,Matthew Duncan,hyper-defensive,Zachary Rogers,D,-1.432,-1.868,-1.868,-1.962,0.000,0.003,-0.420,-7.129
South Lauren,Matthew Duncan,hyper-defensive,Eric Knapp,D,0.880,0.142,1.096,1.470,0.000,-0.269,-0.125,3.588
South Lauren,Matthew Duncan,hyper-defensive,Victor Franklin,G,0.000,0.000,0.000,0.000,1.319,0.160,-0.839,1.319
South Lauren,Matthew Duncan,hyper-defensive,Kevin Lynch,G,0.000,0.000,0.000,0.000,1.687,0.302,-0.233,1.687
Davistown,Angelica Watkins,hyper-defensive,Chris Foster,F,-2.404,-0.153,1.130,1.712,0.000,-0.423,0.093,0.285
Davistown,Angelica Watkins,hyper-defensive,Greg Espinoza,F,1.908,0.329,-0.909,1.224,0.000,0.181,-0.675,2.552
Davistown,Angelica Watkins,hyper-defensive,Bryan Taylor,F,-0.211,-0.233,-0.410,-1.214,0.000,0.081,-2.615,-2.068
Davistown,Angelica Watkins,hyper-defensive,Jerry Collins,F,0.366,1.192,0.855,0.163,0.000,1.888,0.332,2.576
Davistown,Angelica Watkins,hyper-defensive,Matthew Kramer,F,-0.095,-0.846,-1.600,-0.903,0.000,1.048,-1.221,-3.444
Davistown,Angelica Watkins,hyper-defensive,Roy Benson,F,-0.899,0.640,0.520,0.065,0.000,-3.187,-0.898,0.326
Davistown,Angelica Watkins,hyper-defensive,Wesley Oliver,F,-1.180,1.161,-1.039,-1.220,0.000,1.051,0.664,-2.279
Davistown,Angelica Watkins,hyper-defensive,Charles Alexander,F,-0.345,-0.571,0.405,-0.623,0.000,-0.616,-0.993,-1.133
Davistown,Angelica Watkins,hyper-defensive,Richard Thomas,F,-0.263,1.006,0.289,0.456,0.000,0.269,-1.301,1.488
Davistown,Angelica Watkins,hyper-defensive,Zachary Garcia,F,-0.540,-0.106,0.972,0.608,0.000,0.744,-0.448,0.934
Davistown,Angelica Watkins,hyper-defensive,Joshua Velazquez,F,0.716,1.968,-1.350,-0.490,0.000,-0.222,-0.318,0.844
Davistown,Angelica Watkins,hyper-defensive,Randall Maynard,F,1.450,-1.614,-0.115,2.592,0.000,0.685,0.258,2.313
Davistown,Angelica Watkins,hyper-defensive,David Rogers,D,-0.005,-0.313,-0.008,0.951,0.000,-0.454,0.261,0.625
Davistown,Angelica Watkins,hyper-defensive,Matthew Maldonado,D,1.397,-1.756,1.382,1.695,0.000,0.434,-0.011,2.718
Davistown,Angelica Watkins,hyper-defensive,Brandon Palmer,D,0.062,0.510,0.111,0.367,0.000,0.930,-1.406,1.050
Davistown,Angelica Watkins,hyper-defensive,Jake Wood,D,0.524,0.497,1.505,-0.593,0.000,0.096,0.138,1.932
Davistown,Angelica Watkins,hyper-defensive,Michael Dalton,D,0.154,0.468,0.510,0.883,0.000,0.064,1.102,2.016
Davistown,Angelica Watkins,hyper-defensive,Henry Hernandez,D,-1.209,-0.610,-0.511,0.411,0.000,-1.009,0.764,-1.919
Davistown,Angelica Watkins,hyper-defensive,Melvin Thompson,G,0.000,0.000,0.000,0.000,0.503,0.546,-1.235,0.503
Davistown,Angelica Watkins,hyper-defensive,Joseph Taylor,G,0.000,0.000,0.000,0.000,-0.500,-0.539,0.147,-0.500
Danielsburgh,Emily Carter,hyper-offensive,Gregory Sanchez,F,0.745,-0.246,-0.076,-0.146,0.000,-0.127,0.598,0.276
Danielsburgh,Emily Carter,hyper-offensive,Richard Coleman,F,1.849,-0.659,-0.342,-1.830,0.000,-0.486,-1.325,-0.982
Danielsburgh,Emily Carter,hyper-offensive,Joshua Rivera,F,0.692,0.840,-0.256,2.136,0.000,-0.386,-0.438,3.413
Danielsburgh,Emily Carter,hyper-offensive,Jacob Lewis,F,0.587,-0.562,-0.781,1.410,0.000,0.267,-2.209,0.653
Danielsburgh,Emily Carter,hyper-offensive,Phillip Smith,F,0.302,-0.576,0.586,-1.894,0.000,-0.342,0.532,-1.583
Danielsburgh,Emily Carter,hyper-offensive,Frank Byrd,F,1.364,0.341,0.203,-0.563,0.000,-0.214,-0.302,1.345
Danielsburgh,Emily Carter,hyper-offensive,Anthony Bailey,F,0.364,-0.815,1.165,0.208,0.000,0.296,-0.318,0.922
Danielsburgh,Emily Carter,hyper-offensive,Matthew Smith,F,0.273,-1.234,1.012,-1.291,0.000,0.430,1.023,-1.240
Danielsburgh,Emily Carter,hyper-offensive,Rodney Short,F,-0.653,0.468,1.661,-0.045,0.000,1.172,0.725,1.430
Danielsburgh,Emily Carter,hyper-offensive,Robert Carter,F,0.648,-0.510,-0.099,0.845,0.000,0.968,-0.695,0.883
Danielsburgh,Emily Carter,hyper-offensive,Charles Bridges,F,0.065,-1.421,-1.270,-2.020,0.000,-0.805,1.542,-4.646
Danielsburgh,Emily Carter,hyper-offensive,Gregory Gomez,F,2.079,2.080,-0.990,-1.142,0.000,-1.249,-1.058,2.026
Danielsburgh,Emily Carter,hyper-offensive,Thomas Daniels,D,-0.726,-1.008,0.349,0.045,0.000,-1.041,-1.531,-1.340
Danielsburgh,Emily Carter,hyper-offensive,David Mitchell,D,1.423,0.322,-0.402,0.344,0.000,-0.947,0.126,1.686
Danielsburgh,Emily Carter,hyper-offensive,Christopher Chambers,D,-0.518,0.715,1.048,-0.152,0.000,0.659,0.555,1.092
Danielsburgh,Emily Carter,hyper-offensive,Steven Johnson,D,-1.207,-0.506,0.861,-0.521,0.000,1.911,-0.341,-1.373
Danielsburgh,Emily Carter,hyper-offensive,Michael Turner,D,-0.353,-0.666,-0.730,0.296,0.000,-0.447,0.118,-1.454
Danielsburgh,Emily Carter,hyper-offensive,David Williams,D,0.359,0.487,-0.281,-0.130,0.000,-0.690,0.292,0.434
Danielsburgh,Emily Carter,hyper-offensive,Joseph Brown,G,0.000,0.000,0.000,0.000,0.009,-0.012,1.070,0.009
Danielsburgh,Emily Carter,hyper-offensive,Brendan Jackson,G,0.000,0.000,0.000,0.000,2.354,2.060,-0.824,2.354
Lake David,Jeanne Edwards,hyper-defensive,Samuel Williams,F,-0.255,-1.222,-1.974,-0.709,0.000,0.164,-0.701,-4.160
Lake David,Jeanne Edwards,hyper-defensive,Michael Reynolds,F,0.989,0.534,-1.710,-0.510,0.000,1.043,-2.183,-0.696
Lake David,Jeanne Edwards,hyper-defensive,Johnny Salazar,F,0.920,-1.430,-1.045,-0.110,0.000,-0.210,-0.282,-1.665
Lake David,Jeanne Edwards,hyper-defensive,David Wilson,F,0.555,1.805,0.569,0.033,0.000,1.877,-1.718,2.962
Lake David,Jeanne Edwards,hyper-defensive,David Fisher,F,-0.393,2.789,-2.945,1.275,0.000,0.347,-0.987,0.726
Lake David,Jeanne Edwards,hyper-defensive,Garrett Hall,F,-1.025,-1.082,-1.263,2.030,0.000,1.311,0.756,-1.341
Lake David,Jeanne Edwards,hyper-defensive,Jay Riley,F,-0.216,0.015,-1.525,1.070,0.000,-0.491,1.155,-0.656
Lake David,Jeanne Edwards,hyper-defensive,Austin Gomez,F,-1.179,0.031,-1.135,0.220,0.000,-0.692,0.475,-2.063
Lake David,Jeanne Edwards,hyper-defensive,Kevin Henry,F,-0.302,0.993,-0.174,-0.104,0.000,0.639,-0.178,0.414
Lake David,Jeanne Edwards,hyper-defensive,Jordan Good,F,1.128,0.569,-0.078,0.783,0.000,0.994,0.049,2.401
Lake David,Jeanne Edwards,hyper-defensive,Anthony Parsons,F,0.429,-0.335,-0.340,-0.544,0.000,-0.176,1.221,-0.789
Lake David,Jeanne Edwards,hyper-defensive,Richard Montoya,F,-0.716,-0.260,-1.001,0.256,0.000,0.466,-0.622,-1.720
Lake David,Jeanne Edwards,hyper-defensive,James Shaw,D,-0.308,-0.738,0.163,-0.324,0.000,0.061,-1.117,-1.207
Lake David,Jeanne Edwards,hyper-defensive,Zachary Mack,D,-1.615,0.016,0.168,-0.279,0.000,0.300,0.178,-1.710
Lake David,Jeanne Edwards,hyper-defensive,Scott Carlson,D,-0.295,-0.564,-0.967,-0.144,0.000,-0.621,0.572,-1.970
Lake David,Jeanne Edwards,hyper-defensive,Philip Herrera,D,-0.253,0.615,-1.705,0.632,0.000,2.877,0.288,-0.711
Lake David,Jeanne Edwards,hyper-defensive,Bryan Ware,D,1.564,0.408,-0.170,0.872,0.000,1.366,-1.195,2.675
Lake David,Jeanne Edwards,hyper-defensive,Michael Jones,D,-2.211,1.852,-2.234,-1.173,0.000,-0.457,0.435,-3.765
Lake David,Jeanne Edwards,hyper-defensive,Michael Zuniga,G,0.000,0.000,0.000,0.000,2.247,0.592,-0.038,2.247
Lake David,Jeanne Edwards,hyper-defensive,Luke Norris,G,0.000,0.000,0.000,0.000,1.023,1.009,0.593,1.023
North Brianside,Trevor Perez,hyper-defensive,Matthew Ellis,F,1.335,1.252,0.857,-1.035,0.000,0.653,0.514,2.409
North Brianside,Trevor Perez,hyper-defensive,Michael Obrien,F,0.305,-1.164,-0.688,-0.670,0.000,-0.606,-0.221,-2.217
North Brianside,Trevor Perez,hyper-defensive,Brandon Hall,F,0.010,-0.205,-1.479,0.324,0.000,-0.177,-0.222,-1.350
North Brianside,Trevor Perez,hyper-defensive,Timothy Morris,F,0.535,1.067,1.368,1.417,0.000,0.111,-0.147,4.387
North Brianside,Trevor Perez,hyper-defensive,Jesse Larson,F,-0.550,1.907,-0.667,1.571,0.000,0.863,-0.996,2.262
North Brianside,Trevor Perez,hyper-defensive,Christopher Quinn,F,-0.135,1.232,0.290,-0.122,0.000,0.018,-0.568,1.265
North Brianside,Trevor Perez,hyper-defensive,Mario Maldonado,F,0.450,0.472,1.084,-0.254,0.000,-0.490,-0.469,1.752
North Brianside,Trevor Perez,hyper-defensive,Donald Ayala,F,0.669,1.281,0.285,-0.132,0.000,0.967,-1.055,2.104
North Brianside,Trevor Perez,hyper-defensive,Todd Rodriguez,F,0.803,0.530,0.050,-1.530,0.000,-0.002,-0.030,-0.148
North Brianside,Trevor Perez,hyper-defensive,William Irwin,F,1.177,-1.735,-0.666,-2.088,0.000,-0.098,-1.427,-3.313
North Brianside,Trevor Perez,hyper-defensive,Stanley Mcdaniel,F,0.872,0.348,0.465,-1.364,0.000,0.681,0.537,0.321
North Brianside,Trevor Perez,hyper-defensive,Hector Thomas,F,0.257,-0.252,-1.091,0.015,0.000,-0.271,0.366,-1.072
North Brianside,Trevor Perez,hyper-defensive,Lawrence Smith,D,0.714,-1.350,-2.140,1.712,0.000,-0.724,-0.750,-1.065
North Brianside,Trevor Perez,hyper-defensive,Daniel Hays,D,0.687,2.185,-0.998,0.715,0.000,1.433,0.982,2.589
North Brianside,Trevor Perez,hyper-defensive,Jason Young,D,1.116,-0.738,-0.373,0.026,0.000,-0.102,1.252,0.032
North Brianside,Trevor Perez,hyper-defensive,Michael Jordan 2,D,1.149,1.539,-1.480,-0.264,0.000,-0.396,-0.131,0.944
North Brianside,Trevor Perez,hyper-defensive,Michael Reynolds 2,D,-0.397,0.652,0.126,-1.481,0.000,-1.889,0.143,-1.100
North Brianside,Trevor Perez,hyper-defensive,Bradley Gibbs,D,0.726,-0.476,-0.888,1.252,0.000,0.589,-0.580,0.614
North Brianside,Trevor Perez,hyper-defensive,Joshua Moss,G,0.000,0.000,0.000,0.000,-0.349,-0.479,-1.467,-0.349
North Brianside,Trevor Perez,hyper-defensive,James Bauer,G,0.000,0.000,0.000,0.000,-0.264,-0.091,2.131,-0.264
Lake Shaunfort,Vincent Lucas,hyper-offensive,Joseph Lambert,F,1.153,1.138,0.474,1.925,0.000,0.962,0.887,4.690
Lake Shaunfort,Vincent Lucas,hyper-offensive,Bradley Cummings,F,-0.526,-1.526,0.496,-0.127,0.000,-0.746,1.235,-1.683
Lake Shaunfort,Vincent Lucas,hyper-offensive,Eduardo Stark,F,-1.659,2.020,0.089,-0.111,0.000,-0.390,-0.205,0.339
Lake Shaunfort,Vincent Lucas,hyper-offensive,Andres Delgado,F,-0.411,0.965,0.708,-0.144,0.000,-0.481,0.879,1.118
Lake Shaunfort,Vincent Lucas,hyper-offensive,Daniel Wright,F,1.161,1.607,1.031,0.228,0.000,-0.166,-0.853,4.027
Lake Shaunfort,Vincent Lucas,hyper-offensive,Jeffrey Rollins,F,-0.612,-0.685,-1.623,1.140,0.000,1.262,0.703,-1.780
Lake Shaunfort,Vincent Lucas,hyper-offensive,Matthew Ryan,F,-1.113,-1.263,0.584,0.189,0.000,-0.499,1.908,-1.603
Lake Shaunfort,Vincent Lucas,hyper-offensive,Bruce Odonnell,F,-0.309,-0.191,0.540,-0.246,0.000,-0.006,0.167,-0.207
Lake Shaunfort,Vincent Lucas,hyper-offensive,Cameron Choi,F,0.964,-0.611,0.239,1.597,0.000,-0.263,2.020,2.189
Lake Shaunfort,Vincent Lucas,hyper-offensive,Jordan Washington,F,1.260,-0.014,-0.934,-1.234,0.000,0.343,-0.954,-0.923
Lake Shaunfort,Vincent Lucas,hyper-offensive,Scott Joyce,F,-0.875,-0.587,-0.226,-0.451,0.000,-0.830,0.839,-2.139
Lake Shaunfort,Vincent Lucas,hyper-offensive,Brian Diaz,F,-0.649,0.372,0.319,-0.413,0.000,-2.659,1.443,-0.371
Lake Shaunfort,Vincent Lucas,hyper-offensive,Thomas Brooks,D,-0.553,-0.831,-1.027,0.508,0.000,1.271,-0.431,-1.902
Lake Shaunfort,Vincent Lucas,hyper-offensive,Joseph Bush,D,1.938,-1.461,0.261,0.158,0.000,-0.087,-1.574,0.896
Lake Shaunfort,Vincent Lucas,hyper-offensive,Luis Morris,D,-0.610,-0.924,0.254,0.208,0.000,1.390,1.097,-1.072
Lake Shaunfort,Vincent Lucas,hyper-offensive,Travis Perez,D,1.648,0.078,-0.833,-1.011,0.000,-0.439,0.453,-0.118
Lake Shaunfort,Vincent Lucas,hyper-offensive,Timothy Schwartz,D,-0.049,0.970,-0.038,0.622,0.000,-0.395,0.287,1.505
Lake Shaunfort,Vincent Lucas,hyper-offensive,Richard Smith,D,-0.362,-0.632,0.952,-0.281,0.000,0.079,-0.147,-0.323
Lake Shaunfort,Vincent Lucas,hyper-offensive,Steven Matthews,G,0.000,0.000,0.000,0.000,-0.313,0.021,-0.248,-0.313
Lake Shaunfort,Vincent Lucas,hyper-offensive,Joseph Lopez,G,0.000,0.000,0.000,0.000,-1.491,2.063,0.984,-1.491
Jamesmouth,Paul Leach,hyper-defensive,Ivan Conley,F,-0.048,-0.851,0.914,0.114,0.000,1.389,-0.245,0.129
Jamesmouth,Paul Leach,hyper-defensive,Robert Smith,F,-0.206,0.211,0.024,-0.242,0.000,-0.158,-0.646,-0.213
Jamesmouth,Paul Leach,hyper-defensive,Robert Mathews,F,0.977,0.653,-1.022,-0.135,0.000,-0.837,1.428,0.474
Jamesmouth,Paul Leach,hyper-defensive,Cody Park,F,1.013,0.203,-1.013,-0.371,0.000,-0.441,-0.427,-0.168
Jamesmouth,Paul Leach,hyper-defensive,David Chavez,F,-2.281,-0.127,0.775,-1.113,0.000,-1.476,1.241,-2.747
Jamesmouth,Paul Leach,hyper-defensive,Todd Thomas,F,-1.644,0.973,1.309,1.722,0.000,-0.453,1.020,2.360
Jamesmouth,Paul Leach,hyper-defensive,Keith Jones,F,0.756,0.100,1.533,1.361,0.000,1.260,-0.468,3.750
Jamesmouth,Paul Leach,hyper-defensive,Brandon Rice,F,-2.832,-1.471,0.709,1.498,0.000,0.240,0.016,-2.097
Jamesmouth,Paul Leach,hyper-defensive,Andrew Anderson,F,1.314,0.191,-0.236,1.007,0.000,-1.050,0.917,2.276
Jamesmouth,Paul Leach,hyper-defensive,Alfred Smith,F,0.625,0.653,-0.664,-0.155,0.000,-2.101,-0.669,0.458
Jamesmouth,Paul Leach,hyper-defensive,Michael Kennedy,F,-0.972,0.984,0.783,0.288,0.000,-1.295,2.151,1.083
Jamesmouth,Paul Leach,hyper-defensive,John Friedman,F,1.122,0.182,-0.448,-0.998,0.000,1.006,-0.604,-0.142
Jamesmouth,Paul Leach,hyper-defensive,Richard Williams,D,-1.606,0.750,1.170,-0.122,0.000,0.349,-0.220,0.193
Jamesmouth,Paul Leach,hyper-defensive,Michael Barrett,D,1.249,0.300,-1.344,-0.191,0.000,-0.673,-0.741,0.013
Jamesmouth,Paul Leach,hyper-defensive,William Richardson,D,-0.728,-0.476,1.101,0.078,0.000,0.388,-0.091,-0.025
Jamesmouth,Paul Leach,hyper-defensive,Brian Brown,D,-0.174,1.461,2.225,1.219,0.000,-1.972,-0.848,4.731
Jamesmouth,Paul Leach,hyper-defensive,Jeffrey Frye,D,0.695,1.727,-0.519,-0.476,0.000,1.735,-1.038,1.426
Jamesmouth,Paul Leach,hyper-defensive,David Nichols,D,1.165,0.631,-0.135,1.090,0.000,0.199,-1.705,2.751
Jamesmouth,Paul Leach,hyper-defensive,Scott Mitchell,G,0.000,0.000,0.000,0.000,0.143,0.612,-0.909,0.143
Jamesmouth,Paul Leach,hyper-defensive,Christopher Wright,G,0.000,0.000,0.000,0.000,-0.274,0.388,-0.333,-0.274
West Susanchester,Hayley Gutierrez,hyper-offensive,Joe Oconnor,F,-0.501,0.238,1.455,-1.294,0.000,1.119,1.078,-0.102
West Susanchester,Hayley Gutierrez,hyper-offensive,Justin Nichols,F,0.341,0.573,0.040,-1.010,0.000,1.452,-0.150,-0.056
West Susanchester,Hayley Gutierrez,hyper-offensive,Jacob Armstrong,F,1.190,-1.652,-1.275,-1.027,0.000,-1.401,-0.690,-2.765
West Susanchester,Hayley Gutierrez,hyper-offensive,Christopher Francis,F,-0.256,-0.468,0.089,-0.442,0.000,-0.436,0.185,-1.077
West Susanchester,Hayley Gutierrez,hyper-offensive,Joseph Novak,F,1.343,2.092,1.040,-0.468,0.000,0.081,0.037,4.008
West Susanchester,Hayley Gutierrez,hyper-offensive,Richard Henderson,F,1.304,-1.793,-0.009,-1.724,0.000,0.020,-0.632,-2.221
West Susanchester,Hayley Gutierrez,hyper-offensive,Matthew Dixon,F,0.169,0.060,-0.296,-1.371,0.000,-0.129,-0.145,-1.439
West Susanchester,Hayley Gutierrez,hyper-offensive,Raymond Riley,F,1.734,0.073,-1.745,-0.194,0.000,-0.178,0.117,-0.131
West Susanchester,Hayley Gutierrez,hyper-offensive,Michael Anderson,F,0.713,-0.022,-0.315,-0.830,0.000,0.224,-0.687,-0.453
West Susanchester,Hayley Gutierrez,hyper-offensive,Erik Woods,F,0.203,-1.910,0.782,0.330,0.000,-1.325,-0.271,-0.595
West Susanchester,Hayley Gutierrez,hyper-offensive,Kevin Pace,F,-1.043,-0.888,-1.228,-2.434,0.000,2.138,-2.295,-5.593
West Susanchester,Hayley Gutierrez,hyper-offensive,Michael Harmon,F,0.545,-0.298,-0.436,0.117,0.000,-0.853,-1.432,-0.073
West Susanchester,Hayley Gutierrez,hyper-offensive,Alan Martinez,D,-1.000,1.424,0.157,-1.200,0.000,0.558,-1.209,-0.618
West Susanchester,Hayley Gutierrez,hyper-offensive,Philip Carroll,D,0.313,-1.082,0.005,-0.155,0.000,-0.379,0.822,-0.919
West Susanchester,Hayley Gutierrez,hyper-offensive,John Petersen,D,1.598,1.292,-1.038,1.256,0.000,-0.074,-0.444,3.107
West Susanchester,Hayley Gutierrez,hyper-offensive,Benjamin Johnson,D,-1.239,0.706,0.954,1.050,0.000,-0.429,-0.161,1.471
West Susanchester,Hayley Gutierrez,hyper-offensive,Jacob West,D,0.548,-0.695,0.425,0.053,0.000,1.325,-0.774,0.330
West Susanchester,Hayley Gutierrez,hyper-offensive,Brian Jenkins,D,0.050,1.214,1.431,-0.445,0.000,0.618,0.125,2.251
West Susanchester,Hayley Gutierrez,hyper-offensive,Ralph Clark,G,0.000,0.000,0.000,0.000,-0.420,0.233,-1.119,-0.420
West Susanchester,Hayley Gutierrez,hyper-offensive,Daniel Fox,G,0.000,0.000,0.000,0.000,0.557,0.875,1.336,0.557
South Kelseyton,Kenneth Murray,balanced,Christian Simpson,F,1.407,2.211,0.513,-0.444,0.000,0.608,0.586,3.687
South Kelseyton,Kenneth Murray,balanced,John Peterson,F,0.904,-0.394,0.349,1.362,0.000,1.175,1.010,2.222
South Kelseyton,Kenneth Murray,balanced,David Gray,F,1.788,-0.082,0.095,-0.303,0.000,-1.823,-0.662,1.497
South Kelseyton,Kenneth Murray,balanced,Eugene Reynolds,F,-0.048,1.606,0.325,0.383,0.000,1.666,-1.306,2.266
South Kelseyton,Kenneth Murray,balanced,Richard Hays,F,-0.377,0.240,0.126,-1.162,0.000,-0.617,-1.274,-1.172
South Kelseyton,Kenneth Murray,balanced,Darren Phillips,F,0.129,-0.037,2.582,0.635,0.000,-0.608,0.098,3.308
South Kelseyton,Kenneth Murray,balanced,Christopher Morales,F,-0.521,1.313,0.823,0.141,0.000,-0.998,0.692,1.756
South Kelseyton,Kenneth Murray,balanced,Ryan Duncan,F,-0.498,0.363,-0.166,1.546,0.000,0.897,0.962,1.245
South Kelseyton,Kenneth Murray,balanced,William Knox,F,0.498,-0.475,0.565,1.582,0.000,-0.916,1.197,2.169
South Kelseyton,Kenneth Murray,balanced,Earl Turner,F,-0.452,-1.662,-0.503,-0.321,0.000,0.340,-0.790,-2.938
South Kelseyton,Kenneth Murray,balanced,Jonathan Davis,F,0.319,0.457,0.525,-1.713,0.000,-1.614,-0.796,-0.412
South Kelseyton,Kenneth Murray,balanced,Brett Calhoun,F,1.143,-0.462,-0.306,0.028,0.000,-0.217,-0.919,0.404
South Kelseyton,Kenneth Murray,balanced,James Holmes,D,-0.100,-1.951,0.082,0.973,0.000,0.146,1.884,-0.997
South Kelseyton,Kenneth Murray,balanced,Nicholas Ramos,D,-0.790,1.481,1.788,-0.259,0.000,-1.627,-0.580,2.219
South Kelseyton,Kenneth Murray,balanced,Randy Hernandez,D,2.528,-1.289,-0.520,1.403,0.000,-0.998,0.816,2.122
South Kelseyton,Kenneth Murray,balanced,Lee Powers,D,-0.125,0.237,-0.579,-2.038,0.000,-0.459,0.115,-2.505
South Kelseyton,Kenneth Murray,balanced,Keith Brown,D,0.846,-0.999,-0.653,-1.081,0.000,0.985,0.906,-1.887
South Kelseyton,Kenneth Murray,balanced,Anthony Wright,D,0.184,2.049,1.016,1.953,0.000,-0.979,-0.575,5.203
South Kelseyton,Kenneth Murray,balanced,Alex Taylor,G,0.000,0.000,0.000,0.000,-0.107,-1.107,-1.211,-0.107
South Kelseyton,Kenneth Murray,balanced,Justin Guzman,G,0.000,0.000,0.000,0.000,2.456,0.505,0.619,2.456
Nelsonhaven,Ryan Gibbs,star-centric,Shawn Johnson,F,0.280,2.381,-1.450,0.269,0.000,-0.485,0.728,1.480
Nelsonhaven,Ryan Gibbs,star-centric,Joseph Morton,F,-0.122,2.079,-0.085,-0.600,0.000,-0.871,-0.997,1.272
Nelsonhaven,Ryan Gibbs,star-centric,Christopher Jones,F,0.016,0.346,0.210,1.173,0.000,0.965,1.343,1.745
Nelsonhaven,Ryan Gibbs,star-centric,Jeremy Collins,F,3.211,1.182,0.268,0.436,0.000,1.183,0.283,5.098
Nelsonhaven,Ryan Gibbs,star-centric,Michael Mitchell,F,-0.155,-0.753,0.407,-1.140,0.000,-0.698,-0.098,-1.642
Nelsonhaven,Ryan Gibbs,star-centric,Austin Jackson,F,0.791,1.989,-0.230,0.787,0.000,0.661,0.740,3.337
Nelsonhaven,Ryan Gibbs,star-centric,Thomas Fox,F,-1.245,0.376,1.008,0.314,0.000,-0.240,-0.679,0.452
Nelsonhaven,Ryan Gibbs,star-centric,George Valencia,F,-0.381,1.199,-0.149,1.577,0.000,1.744,1.279,2.245
Nelsonhaven,Ryan Gibbs,star-centric,Jesus Rodriguez,F,1.477,0.048,-2.039,-1.027,0.000,0.980,-1.175,-1.541
Nelsonhaven,Ryan Gibbs,star-centric,Jason Coffey,F,-0.789,-1.208,-0.416,-0.626,0.000,-2.406,0.518,-3.038
Nelsonhaven,Ryan Gibbs,star-centric,Craig Powell,F,0.032,0.186,0.152,-0.225,0.000,1.694,0.775,0.146
Nelsonhaven,Ryan Gibbs,star-centric,Corey Giles,F,1.562,-0.095,-0.507,0.500,0.000,3.379,-0.288,1.461
Nelsonhaven,Ryan Gibbs,star-centric,Jacob Sanchez,D,1.031,-0.177,-0.142,-0.048,0.000,0.084,0.295,0.664
Nelsonhaven,Ryan Gibbs,star-centric,Christopher Levy,D,-0.267,-0.881,-1.477,-1.234,0.000,-0.018,0.620,-3.859
Nelsonhaven,Ryan Gibbs,star-centric,Joseph Padilla,D,1.163,-0.063,-0.355,-0.605,0.000,0.311,0.754,0.140
Nelsonhaven,Ryan Gibbs,star-centric,Stephen Powell,D,0.335,-0.432,-0.131,0.243,0.000,1.241,0.379,0.016
Nelsonhaven,Ryan Gibbs,star-centric,Nicholas Jones,D,0.910,-0.739,-1.857,0.895,0.000,1.485,-0.517,-0.791
Nelsonhaven,Ryan Gibbs,star-centric,Dale Mendoza,D,-2.368,0.899,2.305,0.643,0.000,0.071,-1.757,1.480
Nelsonhaven,Ryan Gibbs,star-centric,Matthew Davis,G,0.000,0.000,0.000,0.000,-0.662,-0.031,1.069,-0.662
Nelsonhaven,Ryan Gibbs,star-centric,Connor Bridges,G,0.000,0.000,0.000,0.000,0.283,-0.057,0.771,0.283
Luistown,Michael Sims,hyper-defensive,Joshua James,F,-0.184,-0.490,0.755,1.339,0.000,0.013,-1.509,1.420
Luistown,Michael Sims,hyper-defensive,Kevin Thomas,F,0.629,0.380,-2.298,0.854,0.000,1.932,-1.129,-0.435
Luistown,Michael Sims,hyper-defensive,Philip Jones,F,-0.728,-1.707,1.543,-0.488,0.000,0.483,-0.037,-1.379
Luistown,Michael Sims,hyper-defensive,Austin Lozano,F,-0.161,-1.766,0.029,-0.139,0.000,-0.257,0.155,-2.038
Luistown,Michael Sims,hyper-defensive,Eugene Grimes,F,-0.002,0.498,-0.688,-0.044,0.000,0.141,0.126,-0.235
Luistown,Michael Sims,hyper-defensive,Gregory West,F,-1.111,1.526,-0.585,-0.370,0.000,-1.207,0.463,-0.539
Luistown,Michael Sims,hyper-defensive,Phillip Dudley,F,1.296,-1.200,0.498,1.040,0.000,0.177,1.424,1.634
Luistown,Michael Sims,hyper-defensive,Paul Perez,F,0.219,0.208,-0.757,-0.228,0.000,0.045,-0.939,-0.558
Luistown,Michael Sims,hyper-defensive,Michael Stephens,F,-1.148,0.147,-0.353,0.672,0.000,-0.331,-0.420,-0.682
Luistown,Michael Sims,hyper-defensive,Kevin Lawson,F,-1.709,0.112,-0.399,-0.265,0.000,0.074,-0.662,-2.260
Luistown,Michael Sims,hyper-defensive,Tyler Wolfe,F,-1.088,1.243,-0.085,-0.652,0.000,-0.747,-0.967,-0.583
Luistown,Michael Sims,hyper-defensive,Connor Miller,F,-0.994,-0.048,1.079,1.457,0.000,-1.797,1.775,1.495
Luistown,Michael Sims,hyper-defensive,Bradley Frazier,D,0.727,-0.868,0.689,0.600,0.000,-1.114,-0.624,1.149
Luistown,Michael Sims,hyper-defensive,Jeffery Trujillo,D,0.453,0.721,-0.137,-1.392,0.000,1.044,0.303,-0.356
Luistown,Michael Sims,hyper-defensive,John Edwards,D,0.687,-1.913,-0.471,-0.447,0.000,-0.467,-0.380,-2.145
Luistown,Michael Sims,hyper-defensive,James Mills,D,-2.514,1.316,0.573,0.284,0.000,1.406,1.033,-0.341
Luistown,Michael Sims,hyper-defensive,Jacob Thomas,D,-0.924,1.812,-0.714,1.760,0.000,0.223,-0.785,1.934
Luistown,Michael Sims,hyper-defensive,Jeffrey Franklin,D,-0.532,0.857,-0.055,-0.941,0.000,0.566,-0.120,-0.671
Luistown,Michael Sims,hyper-defensive,Robert Jones,G,0.000,0.000,0.000,0.000,-0.565,0.328,-0.819,-0.565
Luistown,Michael Sims,hyper-defensive,Richard Wong,G,0.000,0.000,0.000,0.000,0.486,-0.468,-0.994,0.486
Port David,Danielle Miller,star-centric,Frederick Logan,F,0.534,-0.399,-0.196,-0.218,0.000,0.050,0.154,-0.278
Port David,Danielle Miller,star-centric,Michael Collins,F,0.054,0.236,-0.230,0.342,0.000,-1.223,1.282,0.402
Port David,Danielle Miller,star-centric,John Perez,F,-0.129,0.536,-0.975,-1.253,0.000,-0.703,1.809,-1.821
Port David,Danielle Miller,star-centric,Charles Roberts,F,0.469,0.047,-0.011,0.479,0.000,0.584,0.303,0.984
Port David,Danielle Miller,star-centric,Oscar White,F,-1.904,-0.406,-0.287,-0.806,0.000,0.961,0.277,-3.404
Port David,Danielle Miller,star-centric,Christopher Bennett,F,-1.590,-0.816,0.081,0.380,0.000,-0.203,-1.550,-1.945
Port David,Danielle Miller,star-centric,Tyler Strickland,F,0.062,-0.086,0.665,2.354,0.000,-0.362,0.926,2.995
Port David,Danielle Miller,star-centric,Jeremy Roth,F,-1.407,0.196,0.025,0.033,0.000,0.079,-0.439,-1.154
Port David,Danielle Miller,star-centric,Nicholas Nelson,F,-1.358,0.289,0.639,1.175,0.000,0.373,1.347,0.746
Port David,Danielle Miller,star-centric,Anthony Barber,F,-0.264,-0.253,0.381,-0.026,0.000,1.179,1.036,-0.161
Port David,Danielle Miller,star-centric,Jason Kramer,F,0.183,0.923,-0.712,-1.421,0.000,1.067,-0.450,-1.026
Port David,Danielle Miller,star-centric,Paul Fisher,F,-1.331,-0.308,-0.080,-0.368,0.000,1.008,-0.221,-2.087
Port David,Danielle Miller,star-centric,Jared Massey,D,-0.139,0.319,0.015,0.835,0.000,-0.571,-0.099,1.030
Port David,Danielle Miller,star-centric,Christopher Nelson,D,0.591,-0.243,-0.490,0.741,0.000,0.023,0.269,0.599
Port David,Danielle Miller,star-centric,Travis Yang,D,0.210,-1.275,1.759,-0.633,0.000,-0.238,0.940,0.061
Port David,Danielle Miller,star-centric,Bruce Edwards,D,1.496,-0.565,-2.305,-1.478,0.000,1.485,0.215,-2.851
Port David,Danielle Miller,star-centric,Jerry Macdonald,D,0.673,-0.391,0.152,1.460,0.000,2.695,-1.255,1.894
Port David,Danielle Miller,star-centric,William Simmons,D,0.351,0.740,0.157,0.011,0.000,1.104,0.350,1.260
Port David,Danielle Miller,star-centric,Matthew Lee,G,0.000,0.000,0.000,0.000,0.235,0.371,-0.254,0.235
Port David,Danielle Miller,star-centric,Jonathan Austin,G,0.000,0.000,0.000,0.000,0.331,0.009,0.771,0.331
West Kimfurt,Daryl Horton,star-centric,Allen Williams,F,0.508,-0.513,-0.127,-0.350,0.000,1.403,1.087,-0.482
West Kimfurt,Daryl Horton,star-centric,James Cook,F,-0.720,-1.002,-0.097,-0.640,0.000,-1.224,-0.971,-2.458
West Kimfurt,Daryl Horton,star-centric,Cole Brown,F,-0.870,-1.890,-0.762,0.648,0.000,1.207,-2.592,-2.874
West Kimfurt,Daryl Horton,star-centric,Andrew Padilla,F,-1.105,0.070,0.981,-1.060,0.000,-0.369,0.831,-1.114
West Kimfurt,Daryl Horton,star-centric,Keith Griffith,F,0.174,-1.054,0.573,0.430,0.000,0.362,-0.163,0.123
West Kimfurt,Daryl Horton,star-centric,Ronald Willis,F,1.241,0.130,-2.194,1.245,0.000,0.904,1.074,0.422
West Kimfurt,Daryl Horton,star-centric,Robert Williams,F,0.256,-1.567,0.984,1.141,0.000,0.591,-0.745,0.814
West Kimfurt,Daryl Horton,star-centric,Paul Buchanan,F,-1.350,0.294,-0.550,-1.108,0.000,0.474,-0.853,-2.714
West Kimfurt,Daryl Horton,star-centric,Antonio Johnson,F,-0.728,-0.944,-1.935,-0.398,0.000,1.375,-0.165,-4.006
West Kimfurt,Daryl Horton,star-centric,David Arroyo,F,-0.150,-1.674,0.664,-0.781,0.000,-1.035,1.089,-1.941
West Kimfurt,Daryl Horton,star-centric,John Henderson,F,-0.188,-0.457,0.307,1.021,0.000,2.097,-1.534,0.682
West Kimfurt,Daryl Horton,star-centric,James Hudson,F,-0.369,-0.928,0.551,-0.393,0.000,0.207,1.143,-1.140
West Kimfurt,Daryl Horton,star-centric,Chris Coleman,D,-0.979,-0.320,0.911,-0.134,0.000,-0.170,0.210,-0.521
West Kimfurt,Daryl Horton,star-centric,Kyle Hobbs,D,0.175,0.800,0.613,-0.588,0.000,-1.469,-0.280,1.000
West Kimfurt,Daryl Horton,star-centric,Joel Wright,D,-1.120,-0.690,1.676,1.728,0.000,-0.066,0.241,1.594
West Kimfurt,Daryl Horton,star-centric,Edward King,D,0.022,0.522,-0.198,-1.159,0.000,-3.309,0.675,-0.812
West Kimfurt,Daryl Horton,star-centric,Gerald Gilmore,D,0.757,-1.369,-0.857,-0.262,0.000,0.540,-1.033,-1.731
West Kimfurt,Daryl Horton,star-centric,Ryan Davis,D,0.779,-0.230,-0.299,-0.298,0.000,-0.912,0.064,-0.048
West Kimfurt,Daryl Horton,star-centric,Jeffrey Beck,G,0.000,0.000,0.000,0.000,-0.016,-0.606,-0.547,-0.016
West Kimfurt,Daryl Horton,star-centric,Jesse Suarez,G,0.000,0.000,0.000,0.000,1.116,0.311,-1.138,1.116
Port Chris,Sarah Holmes,complementary,Brian Walton,F,-0.699,-0.611,1.665,-0.105,0.000,-0.163,-0.027,0.250
Port Chris,Sarah Holmes,complementary,John Kennedy,F,-1.379,1.104,0.460,-0.082,0.000,-0.271,0.724,0.102
Port Chris,Sarah Holmes,complementary,Timothy Jones,F,1.085,-1.131,-1.126,1.362,0.000,-0.744,-0.303,0.191
Port Chris,Sarah Holmes,complementary,Bruce Thompson,F,-0.654,1.021,-0.015,-0.340,0.000,0.758,-1.184,0.012
Port Chris,Sarah Holmes,complementary,Gregory Stephens,F,-2.525,-0.420,1.507,1.393,0.000,-0.333,2.276,-0.046
Port Chris,Sarah Holmes,complementary,Marvin Porter,F,0.024,-0.306,-0.764,0.204,0.000,-0.490,-0.067,-0.841
Port Chris,Sarah Holmes,complementary,Phillip Barker,F,-0.537,-1.719,1.157,-1.008,0.000,0.498,1.704,-2.107
Port Chris,Sarah Holmes,complementary,Timothy Stokes,F,-1.025,-1.335,-1.795,-0.793,0.000,1.004,0.692,-4.948
Port Chris,Sarah Holmes,complementary,Timothy Maldonado,F,-0.789,-0.013,3.115,0.009,0.000,0.753,-1.108,2.322
Port Chris,Sarah Holmes,complementary,Thomas Weaver,F,-0.047,0.481,-0.049,-0.039,0.000,0.431,1.274,0.347
Port Chris,Sarah Holmes,complementary,Michael Burke,F,0.615,-1.150,1.847,-0.488,0.000,-0.874,-0.185,0.824
Port Chris,Sarah Holmes,complementary,Walter Haynes,F,-0.400,-0.767,0.560,0.862,0.000,-0.103,0.010,0.255
Port Chris,Sarah Holmes,complementary,Johnathan Smith,D,0.687,-0.280,-1.197,0.554,0.000,0.071,-0.498,-0.236
Port Chris,Sarah Holmes,complementary,Drew Smith,D,0.369,1.695,-2.095,0.060,0.000,-0.002,0.171,0.028
Port Chris,Sarah Holmes,complementary,Robert Davenport,D,-0.475,1.814,-0.560,-1.038,0.000,1.594,-0.278,-0.258
Port Chris,Sarah Holmes,complementary,William Harrison,D,-0.284,0.829,-1.138,-0.646,0.000,-1.556,-0.660,-1.240
Port Chris,Sarah Holmes,complementary,David Alvarez,D,0.644,0.467,0.981,-0.057,0.000,1.346,-1.018,2.034
Port Chris,Sarah Holmes,complementary,James Howell,D,-0.258,1.172,-0.184,0.205,0.000,-0.379,0.508,0.935
Port Chris,Sarah Holmes,complementary,Nicholas Santiago,G,0.000,0.000,0.000,0.000,-1.576,-0.154,1.222,-1.576
Port Chris,Sarah Holmes,complementary,Jeremy Morris,G,0.000,0.000,0.000,0.000,-1.653,-0.209,-0.407,-1.653
Jordanland,Marilyn Ortega,star-centric,Nathan Fuentes,F,-0.758,0.482,-0.497,-3.273,0.000,-0.320,-0.288,-4.046
Jordanland,Marilyn Ortega,star-centric,Ryan Mueller,F,-1.088,-0.658,-1.751,0.482,0.000,0.578,-1.714,-3.016
Jordanland,Marilyn Ortega,star-centric,Juan Thompson,F,-2.365,1.380,0.012,0.324,0.000,0.007,-0.608,-0.649
Jordanland,Marilyn Ortega,star-centric,Tom Baird,F,-0.883,-1.085,0.282,-0.206,0.000,-0.770,-0.460,-1.892
Jordanland,Marilyn Ortega,star-centric,Thomas Hernandez,F,0.664,-0.725,0.238,0.572,0.000,-3.694,0.852,0.750
Jordanland,Marilyn Ortega,star-centric,Joseph Jackson,F,-2.717,-0.796,0.747,0.675,0.000,-0.890,0.244,-2.091
Jordanland,Marilyn Ortega,star-centric,Robert Elliott,F,0.665,-0.912,0.941,-0.135,0.000,0.209,-0.066,0.559
Jordanland,Marilyn Ortega,star-centric,Brian Goodwin,F,1.444,-0.521,2.029,0.325,0.000,0.415,-1.355,3.277
Jordanland,Marilyn Ortega,star-centric,John Cannon,F,-0.258,0.609,-1.949,0.461,0.000,1.477,-0.815,-1.136
Jordanland,Marilyn Ortega,star-centric,John Moody,F,0.019,-0.831,0.175,-0.871,0.000,-0.975,-0.230,-1.509
Jordanland,Marilyn Ortega,star-centric,Edward Cross,F,-1.171,0.528,-0.943,1.918,0.000,-0.643,-0.973,0.333
Jordanland,Marilyn Ortega,star-centric,Robert Rodriguez,F,-0.069,-1.006,-1.098,0.163,0.000,-0.135,0.925,-2.010
Jordanland,Marilyn Ortega,star-centric,Henry House,D,-0.039,0.063,0.228,1.681,0.000,-2.184,-1.007,1.933
Jordanland,Marilyn Ortega,star-centric,Marcus Meza,D,0.001,-2.146,0.773,-0.047,0.000,0.894,0.556,-1.420
Jordanland,Marilyn Ortega,star-centric,Joel Rodriguez,D,-0.797,-0.407,-1.918,-1.755,0.000,0.295,-0.013,-4.877
Jordanland,Marilyn Ortega,star-centric,Victor Smith,D,1.207,-1.058,0.664,0.468,0.000,1.279,-0.867,1.280
Jordanland,Marilyn Ortega,star-centric,Tony Lewis,D,-0.908,0.028,-0.128,1.491,0.000,0.997,1.081,0.484
Jordanland,Marilyn Ortega,star-centric,Henry Bates,D,-1.538,-1.192,-1.200,1.530,0.000,-0.120,1.431,-2.400
Jordanland,Marilyn Ortega,star-centric,Ethan Hardy,G,0.000,0.000,0.000,0.000,-2.146,-0.206,0.218,-2.146
Jordanland,Marilyn Ortega,star-centric,Gerald Nielsen,G,0.000,0.000,0.000,0.000,0.508,0.588,1.031,0.508
West Zachary,John Schmidt,hyper-offensive,Joseph Stevens,F,0.084,-2.578,0.828,-0.820,0.000,-0.485,0.794,-2.486
West Zachary,John Schmidt,hyper-offensive,Joshua Smith,F,0.992,-0.560,-1.026,0.863,0.000,-0.300,0.276,0.269
West Zachary,John Schmidt,hyper-offensive,Erik Walsh,F,0.751,-0.122,-0.479,1.779,0.000,1.482,0.561,1.929
West Zachary,John Schmidt,hyper-offensive,Anthony Perez 2,F,0.229,-0.805,0.585,-1.163,0.000,-0.532,0.311,-1.155
West Zachary,John Schmidt,hyper-offensive,Timothy Levine,F,-0.523,1.543,0.383,-0.754,0.000,0.858,-1.217,0.649
West Zachary,John Schmidt,hyper-offensive,Kevin Lowe,F,1.796,-0.279,0.137,-0.773,0.000,-0.319,-0.517,0.881
West Zachary,John Schmidt,hyper-offensive,Michael Mendoza,F,0.160,0.178,0.280,-0.113,0.000,-1.141,-0.373,0.505
West Zachary,John Schmidt,hyper-offensive,Jordan Rios,F,-0.643,-0.345,0.552,-1.086,0.000,-0.752,-0.132,-1.523
West Zachary,John Schmidt,hyper-offensive,Donald Campbell,F,0.005,0.474,-0.220,0.423,0.000,0.203,-0.333,0.683
West Zachary,John Schmidt,hyper-offensive,Ralph Cruz,F,-0.523,-0.960,-0.261,0.826,0.000,-1.205,0.289,-0.917
West Zachary,John Schmidt,hyper-offensive,Eric Robertson,F,-0.107,0.487,0.681,0.003,0.000,0.134,1.788,1.065
West Zachary,John Schmidt,hyper-offensive,Bradley Harrison,F,-1.105,0.628,1.953,0.441,0.000,-1.574,-2.328,1.917
West Zachary,John Schmidt,hyper-offensive,Timothy Clark,D,-1.404,2.231,-1.091,-0.232,0.000,-0.554,-1.186,-0.496
West Zachary,John Schmidt,hyper-offensive,Jeremiah Brooks,D,0.435,0.316,0.079,0.241,0.000,0.633,-0.243,1.070
West Zachary,John Schmidt,hyper-offensive,Eric French,D,0.241,-0.234,-0.529,-0.487,0.000,0.447,-1.311,-1.009
West Zachary,John Schmidt,hyper-offensive,Matthew Payne,D,0.926,-0.188,0.988,-0.790,0.000,-0.748,1.507,0.935
West Zachary,John Schmidt,hyper-offensive,Adrian Lopez,D,1.579,0.355,0.267,-0.038,0.000,-0.306,0.518,2.162
West Zachary,John Schmidt,hyper-offensive,Jeffrey Harris,D,-0.106,-1.195,-0.544,0.860,0.000,1.550,-0.533,-0.985
West Zachary,John Schmidt,hyper-offensive,John Huynh,G,0.000,0.000,0.000,0.000,0.004,0.437,-0.880,0.004
West Zachary,John Schmidt,hyper-offensive,Daniel Alvarez,G,0.000,0.000,0.000,0.000,0.604,0.361,0.385,0.604
West Erin,Steven George,star-centric,Michael Thompson,F,0.005,-0.821,0.551,-1.149,0.000,0.305,0.958,-1.415
West Erin,Steven George,star-centric,Colin Farrell,F,-1.349,0.382,-0.062,-0.271,0.000,-1.128,0.775,-1.300
West Erin,Steven George,star-centric,Christopher Gutierrez,F,-0.300,0.250,0.724,-1.246,0.000,2.208,-0.963,-0.572
West Erin,Steven George,star-centric,Ryan Sanford,F,-0.622,-0.213,-0.033,0.850,0.000,-1.724,-0.711,-0.018
West Erin,Steven George,star-centric,Wesley Lindsey,F,-0.093,-1.058,-0.238,0.440,0.000,-0.207,1.997,-0.949
West Erin,Steven George,star-centric,Joseph Bennett,F,-0.154,-0.827,0.599,0.750,0.000,1.684,0.784,0.367
West Erin,Steven George,star-centric,Stephen Reyes,F,0.796,0.836,0.769,-0.919,0.000,0.915,0.892,1.483
West Erin,Steven George,star-centric,Jorge Hodges,F,-0.147,1.299,-0.676,-0.750,0.000,-0.850,-0.275,-0.274
West Erin,Steven George,star-centric,Grant Roberts,F,-0.442,0.844,-0.803,1.503,0.000,-0.201,-0.648,1.102
West Erin,Steven George,star-centric,Michael Jordan,F,0.640,0.317,-1.641,-0.629,0.000,0.417,-0.448,-1.313
West Erin,Steven George,star-centric,Thomas Morgan,F,-0.947,-0.232,-0.172,1.996,0.000,-0.594,0.184,0.646
West Erin,Steven George,star-centric,Joseph Johnson,F,-0.859,0.255,-1.818,-0.529,0.000,0.361,-0.522,-2.951
West Erin,Steven George,star-centric,Tony Nunez,D,1.373,-0.315,0.453,0.232,0.000,-0.605,1.399,1.744
West Erin,Steven George,star-centric,Tyler Houston,D,-1.470,-1.519,1.092,-1.087,0.000,0.417,0.431,-2.984
West Erin,Steven George,star-centric,Mitchell Knox,D,0.307,0.224,-2.682,-1.525,0.000,-0.215,-1.080,-3.675
West Erin,Steven George,star-centric,Brian Long,D,0.368,0.259,0.766,0.847,0.000,0.005,-0.608,2.240
West Erin,Steven George,star-centric,Jesse Jordan,D,0.345,-0.781,-1.008,0.788,0.000,1.575,1.028,-0.656
West Erin,Steven George,star-centric,Timothy Cochran,D,0.207,1.384,-1.547,-0.383,0.000,-0.360,0.194,-0.340
West Erin,Steven George,star-centric,Austin Wilson,G,0.000,0.000,0.000,0.000,0.447,0.530,1.052,0.447
West Erin,Steven George,star-centric,Sean Campbell,G,0.000,0.000,0.000,0.000,-0.865,-0.863,-1.853,-0.865
Port Kristieberg,Ashley Waller,hyper-offensive,George Downs,F,-2.684,-0.886,0.012,-0.530,0.000,1.107,0.144,-4.088
Port Kristieberg,Ashley Waller,hyper-offensive,Wayne Wallace,F,-0.705,0.187,-0.306,-1.221,0.000,1.410,0.307,-2.046
Port Kristieberg,Ashley Waller,hyper-offensive,Juan Carr,F,-1.522,1.977,-1.014,-0.149,0.000,0.599,0.144,-0.708
Port Kristieberg,Ashley Waller,hyper-offensive,Bill Rodriguez,F,-1.197,0.719,2.141,-1.315,0.000,-0.376,1.142,0.349
Port Kristieberg,Ashley Waller,hyper-offensive,Dennis Graves,F,1.904,1.554,0.551,0.038,0.000,-0.673,-0.531,4.047
Port Kristieberg,Ashley Waller,hyper-offensive,Anthony Smith,F,0.317,1.695,1.265,-0.590,0.000,-1.077,0.230,2.686
Port Kristieberg,Ashley Waller,hyper-offensive,Kenneth Reynolds,F,1.122,1.613,0.396,1.899,0.000,0.131,-0.788,5.029
Port Kristieberg,Ashley Waller,hyper-offensive,Justin Guerrero,F,1.161,-0.481,-0.523,0.090,0.000,-1.253,-0.888,0.247
Port Kristieberg,Ashley Waller,hyper-offensive,Harry Stone,F,-0.319,1.039,-0.811,-0.781,0.000,1.177,-1.422,-0.872
Port Kristieberg,Ashley Waller,hyper-offensive,Anthony Anderson,F,0.721,-1.068,1.192,-0.133,0.000,0.445,-1.231,0.711
Port Kristieberg,Ashley Waller,hyper-offensive,Henry Bowen,F,0.569,1.129,1.182,1.404,0.000,1.309,0.826,4.283
Port Kristieberg,Ashley Waller,hyper-offensive,Bernard Cortez,F,0.700,-1.813,0.648,-0.568,0.000,-0.123,-1.078,-1.033
Port Kristieberg,Ashley Waller,hyper-offensive,Isaiah Henderson,D,-1.664,-0.916,0.716,0.105,0.000,-0.724,0.652,-1.758
Port Kristieberg,Ashley Waller,hyper-offensive,Benjamin Shaw,D,-0.294,-1.409,-0.390,0.578,0.000,-2.990,-2.315,-1.516
Port Kristieberg,Ashley Waller,hyper-offensive,Brad Davis,D,1.693,0.521,-0.975,0.320,0.000,0.627,0.378,1.559
Port Kristieberg,Ashley Waller,hyper-offensive,Eric Parker,D,-0.283,-1.727,-1.442,-1.539,0.000,0.600,-1.353,-4.993
Port Kristieberg,Ashley Waller,hyper-offensive,Michael Sanders,D,-0.647,0.131,-0.671,-0.439,0.000,0.509,0.055,-1.626
Port Kristieberg,Ashley Waller,hyper-offensive,Frank Anderson,D,-0.829,0.795,-1.627,1.437,0.000,1.205,-0.595,-0.224
Port Kristieberg,Ashley Waller,hyper-offensive,Benjamin Francis,G,0.000,0.000,0.000,0.000,-0.960,0.249,-1.165,-0.960
Port Kristieberg,Ashley Waller,hyper-offensive,Justin Garcia,G,0.000,0.000,0.000,0.000,0.145,0.767,0.451,0.145
North Susanberg,Michael Kelly,complementary,Johnny Randall,F,0.605,-0.398,0.761,-0.061,0.000,1.875,-0.241,0.907
North Susanberg,Michael Kelly,complementary,Carlos Evans,F,0.755,-2.159,-0.425,0.515,0.000,-0.395,-1.049,-1.315
North Susanberg,Michael Kelly,complementary,Michael Martin,F,0.176,-0.625,0.820,0.273,0.000,-0.253,2.297,0.644
North Susanberg,Michael Kelly,complementary,David White,F,0.263,-0.166,1.530,0.696,0.000,0.566,0.360,2.323
North Susanberg,Michael Kelly,complementary,Joshua Brown,F,1.523,-1.397,1.132,-0.386,0.000,0.595,-1.790,0.872
North Susanberg,Michael Kelly,complementary,Jason Evans,F,-1.797,-0.328,1.014,-0.057,0.000,-1.223,-1.415,-1.167
North Susanberg,Michael Kelly,complementary,Kelly Hanna,F,-1.717,0.111,0.732,-0.100,0.000,1.247,-1.069,-0.973
North Susanberg,Michael Kelly,complementary,Thomas Roberts,F,-0.340,2.071,-1.503,0.342,0.000,0.903,0.406,0.570
North Susanberg,Michael Kelly,complementary,Devin Day,F,0.971,1.513,-0.583,2.003,0.000,0.344,0.926,3.904
North Susanberg,Michael Kelly,complementary,James Hernandez,F,0.183,-1.837,1.184,-0.282,0.000,-0.762,-1.395,-0.752
North Susanberg,Michael Kelly,complementary,Cory Nguyen,F,-0.157,-0.162,0.026,0.053,0.000,1.490,1.213,-0.239
North Susanberg,Michael Kelly,complementary,George King,F,-0.252,0.205,-0.133,0.158,0.000,-0.850,-0.430,-0.022
North Susanberg,Michael Kelly,complementary,Michael Clark,D,0.307,-0.664,1.009,0.718,0.000,0.720,-0.500,1.370
North Susanberg,Michael Kelly,complementary,Matthew Evans,D,-1.036,1.239,-0.632,1.634,0.000,-0.960,0.813,1.204
North Susanberg,Michael Kelly,complementary,Dale Powers,D,-0.295,-0.391,-1.788,0.451,0.000,1.567,0.065,-2.023
North Susanberg,Michael Kelly,complementary,Erik Medina,D,-0.251,-2.651,-0.260,0.090,0.000,2.021,1.386,-3.072
North Susanberg,Michael Kelly,complementary,Michael West,D,0.637,-0.203,0.659,-1.499,0.000,-1.001,0.295,-0.405
North Susanberg,Michael Kelly,complementary,Shawn Rios,D,0.628,0.979,1.472,2.071,0.000,-1.538,-1.238,5.150
North Susanberg,Michael Kelly,complementary,Christopher Ali,G,0.000,0.000,0.000,0.000,-0.818,-0.087,0.133,-0.818
North Susanberg,Michael Kelly,complementary,Peter Perez,G,0.000,0.000,0.000,0.000,0.610,0.042,-0.613,0.610
Barnesburgh,Robert Ramsey,balanced,Eric Gibson,F,0.623,-0.742,-1.070,0.280,0.000,0.803,-1.975,-0.909
Barnesburgh,Robert Ramsey,balanced,Matthew White,F,1.920,1.176,-1.231,0.634,0.000,1.211,-0.086,2.499
Barnesburgh,Robert Ramsey,balanced,Rodney Morris,F,-1.764,0.481,-1.471,0.599,0.000,0.752,-0.182,-2.155
Barnesburgh,Robert Ramsey,balanced,Jerry Morales,F,-1.575,0.360,0.808,0.391,0.000,-0.970,-1.218,-0.017
Barnesburgh,Robert Ramsey,balanced,Michael Raymond,F,-0.252,0.322,0.295,0.690,0.000,0.017,0.281,1.055
Barnesburgh,Robert Ramsey,balanced,Richard Rodriguez,F,1.010,0.404,0.081,-0.978,0.000,-2.198,-0.440,0.516
Barnesburgh,Robert Ramsey,balanced,Eric Foster 2,F,0.361,0.347,-1.273,0.672,0.000,-0.122,0.682,0.107
Barnesburgh,Robert Ramsey,balanced,Shane Gardner,F,-0.376,0.376,1.204,1.046,0.000,0.950,2.186,2.251
Barnesburgh,Robert Ramsey,balanced,Justin Watts,F,-0.790,-0.124,0.576,0.389,0.000,0.442,0.014,0.050
Barnesburgh,Robert Ramsey,balanced,Kent Hampton,F,0.917,0.600,-1.822,-0.549,0.000,-0.513,-0.425,-0.854
Barnesburgh,Robert Ramsey,balanced,Mark Fletcher,F,0.018,0.942,0.891,-2.049,0.000,-0.213,0.313,-0.198
Barnesburgh,Robert Ramsey,balanced,Eric Foster,F,1.555,0.228,-1.214,-0.315,0.000,1.613,0.577,0.253
Barnesburgh,Robert Ramsey,balanced,Peter Mccarthy,D,-0.148,0.294,0.598,-0.734,0.000,2.039,-0.167,0.010
Barnesburgh,Robert Ramsey,balanced,Robert Mitchell,D,-1.584,-0.872,-0.300,1.485,0.000,-0.160,1.224,-1.271
Barnesburgh,Robert Ramsey,balanced,Matthew Jones,D,0.546,0.353,-0.648,-0.237,0.000,-0.614,-0.900,0.015
Barnesburgh,Robert Ramsey,balanced,Terry Holder,D,-1.884,1.231,-0.008,-0.335,0.000,0.089,1.414,-0.996
Barnesburgh,Robert Ramsey,balanced,Jonathan Jordan,D,0.416,0.213,-1.379,-0.325,0.000,0.272,0.142,-1.076
Barnesburgh,Robert Ramsey,balanced,Paul Collier,D,-0.048,-0.652,-1.298,-0.006,0.000,-2.481,-0.600,-2.003
Barnesburgh,Robert Ramsey,balanced,Marvin Lambert,G,0.000,0.000,0.000,0.000,-0.113,0.332,-0.949,-0.113
Barnesburgh,Robert Ramsey,balanced,Jesse Joseph,G,0.000,0.000,0.000,0.000,-0.855,0.437,0.310,-0.855
Hunterborough,Paige Lee,hyper-offensive,Marcus Santos,F,0.247,-0.491,-1.510,0.310,0.000,-0.334,-0.419,-1.443
Hunterborough,Paige Lee,hyper-offensive,Adam Thompson,F,0.761,-0.494,0.672,-0.471,0.000,-0.080,0.973,0.468
Hunterborough,Paige Lee,hyper-offensive,Gregory Dickerson,F,-0.107,1.251,-0.102,0.892,0.000,1.068,1.349,1.933
Hunterborough,Paige Lee,hyper-offensive,Mark White,F,-0.731,0.146,0.144,1.982,0.000,-0.111,0.268,1.541
Hunterborough,Paige Lee,hyper-offensive,Chad Wright,F,-0.755,0.816,1.773,1.136,0.000,-1.893,-0.674,2.969
Hunterborough,Paige Lee,hyper-offensive,Phillip Koch,F,-1.131,0.551,1.305,1.679,0.000,-0.526,-0.591,2.403
Hunterborough,Paige Lee,hyper-offensive,Geoffrey Wright,F,0.697,0.392,-0.406,-1.091,0.000,-1.049,0.268,-0.408
Hunterborough,Paige Lee,hyper-offensive,John Campbell,F,0.306,0.035,1.643,-0.305,0.000,-1.610,-0.212,1.679
Hunterborough,Paige Lee,hyper-offensive,Taylor Price,F,0.475,-0.046,0.438,0.558,0.000,-0.616,0.754,1.425
Hunterborough,Paige Lee,hyper-offensive,John Morales,F,-2.099,2.334,0.855,-0.355,0.000,-0.674,-1.213,0.735
Hunterborough,Paige Lee,hyper-offensive,Christopher Vega,F,0.296,-0.292,0.090,-0.778,0.000,-1.238,0.612,-0.684
Hunterborough,Paige Lee,hyper-offensive,Donald Norman,F,1.640,0.114,0.504,-0.617,0.000,-1.857,-0.230,1.642
Hunterborough,Paige Lee,hyper-offensive,Timothy Stephens,D,0.338,-0.241,0.305,-0.099,0.000,-1.539,1.459,0.303
Hunterborough,Paige Lee,hyper-offensive,Michael Johnson,D,0.806,-0.710,0.314,-0.731,0.000,-0.291,1.237,-0.321
Hunterborough,Paige Lee,hyper-offensive,Justin George,D,1.038,0.202,-0.156,1.376,0.000,2.380,1.448,2.460
Hunterborough,Paige Lee,hyper-offensive,Joseph Jenkins,D,1.685,1.494,-0.618,0.485,0.000,-0.748,1.024,3.046
Hunterborough,Paige Lee,hyper-offensive,Charles Sullivan,D,1.231,-0.294,-1.011,-1.299,0.000,-1.119,-0.350,-1.373
Hunterborough,Paige Lee,hyper-offensive,Kenneth Abbott,D,0.507,0.245,-0.538,-1.013,0.000,0.277,0.555,-0.799
Hunterborough,Paige Lee,hyper-offensive,Stephen Clark,G,0.000,0.000,0.000,0.000,-0.283,-0.173,0.191,-0.283
Hunterborough,Paige Lee,hyper-offensive,Kyle Wilson,G,0.000,0.000,0.000,0.000,-0.858,-0.240,-0.183,-0.858
Jeffreyville,Steven Ward,complementary,Randy Frost,F,-0.589,-0.900,-1.254,-1.545,0.000,2.077,0.870,-4.288
Jeffreyville,Steven Ward,complementary,Jorge Douglas,F,-0.589,-0.558,0.013,-1.620,0.000,-1.165,-0.547,-2.755
Jeffreyville,Steven Ward,complementary,Hunter Hunt,F,-0.442,-0.031,0.800,1.097,0.000,0.433,-1.049,1.424
Jeffreyville,Steven Ward,complementary,Michael Ford,F,1.145,-0.091,-0.393,1.052,0.000,0.283,0.334,1.713
Jeffreyville,Steven Ward,complementary,Marvin Brown,F,0.560,-0.708,1.439,2.068,0.000,0.080,1.587,3.360
Jeffreyville,Steven Ward,complementary,Michael Flores,F,0.312,-0.659,-0.001,-0.556,0.000,0.656,-0.734,-0.903
Jeffreyville,Steven Ward,complementary,Scott Pope,F,0.039,-1.098,-0.439,0.869,0.000,0.935,0.085,-0.628
Jeffreyville,Steven Ward,complementary,David Conley,F,0.538,-0.607,-0.565,1.763,0.000,1.648,1.971,1.129
Jeffreyville,Steven Ward,complementary,Grant Thompson,F,-0.394,0.683,-0.239,-0.189,0.000,-0.689,0.659,-0.139
Jeffreyville,Steven Ward,complementary,Stephen Montes,F,0.115,-0.294,-0.133,-0.546,0.000,0.548,-0.845,-0.858
Jeffreyville,Steven Ward,complementary,Gabriel Henderson,F,-0.977,-0.159,0.742,-0.596,0.000,0.704,-0.253,-0.990
Jeffreyville,Steven Ward,complementary,John Meyers,F,0.501,0.718,0.983,0.166,0.000,0.976,1.728,2.368
Jeffreyville,Steven Ward,complementary,Eddie Jones,D,-0.320,0.560,-1.382,2.414,0.000,0.654,-0.091,1.272
Jeffreyville,Steven Ward,complementary,Christopher Jones 2,D,-0.259,-0.838,-1.775,0.174,0.000,0.306,-0.029,-2.697
Jeffreyville,Steven Ward,complementary,Christopher Wilson,D,0.605,-2.381,0.062,1.584,0.000,-0.814,1.429,-0.130
Jeffreyville,Steven Ward,complementary,Jeffrey Jacobs,D,0.758,-1.650,1.829,-1.273,0.000,-0.358,0.224,-0.336
Jeffreyville,Steven Ward,complementary,Stuart Scott,D,1.672,-1.057,0.059,-0.496,0.000,0.351,0.704,0.179
Jeffreyville,Steven Ward,complementary,Mark Robles,D,-1.020,0.602,1.170,0.159,0.000,0.030,-0.779,0.911
Jeffreyville,Steven Ward,complementary,Joseph Martin,G,0.000,0.000,0.000,0.000,-0.868,2.189,-0.699,-0.868
Jeffreyville,Steven Ward,complementary,Hayden Miller,G,0.000,0.000,0.000,0.000,0.590,1.419,-0.410,0.590
East Sarahhaven,Timothy Williams,complementary,Cameron Walker,F,-2.208,-1.540,-0.339,0.996,0.000,0.727,0.739,-3.092
East Sarahhaven,Timothy Williams,complementary,Caleb Bates,F,0.463,-1.467,-0.799,1.062,0.000,2.689,0.501,-0.741
East Sarahhaven,Timothy Williams,complementary,Maurice Smith,F,0.624,0.773,-0.824,-0.253,0.000,-0.117,-1.469,0.319
East Sarahhaven,Timothy Williams,complementary,Joseph Wells,F,1.566,-0.735,-0.511,2.828,0.000,0.013,-3.233,3.148
East Sarahhaven,Timothy Williams,complementary,Kevin Fischer,F,-1.241,1.207,-0.901,-1.473,0.000,0.097,0.219,-2.408
East Sarahhaven,Timothy Williams,complementary,Michael Nguyen,F,-1.152,2.781,-0.322,-0.033,0.000,-1.979,1.873,1.273
East Sarahhaven,Timothy Williams,complementary,Mark Collins,F,-0.653,-0.572,0.441,-0.163,0.000,-0.238,1.838,-0.947
East Sarahhaven,Timothy Williams,complementary,Jamie Chapman,F,1.167,-1.315,-0.491,-0.374,0.000,-0.149,-0.591,-1.013
East Sarahhaven,Timothy Williams,complementary,Jesus Watkins,F,1.134,0.605,0.501,-1.612,0.000,2.477,-0.571,0.628
East Sarahhaven,Timothy Williams,complementary,Christopher Reynolds,F,2.072,-1.578,-0.325,0.237,0.000,0.799,0.621,0.406
East Sarahhaven,Timothy Williams,complementary,Caleb Lucas,F,-1.983,-0.352,-1.554,-1.667,0.000,0.240,-0.031,-5.556
East Sarahhaven,Timothy Williams,complementary,David Wells,F,-1.607,0.813,1.367,-1.516,0.000,-0.978,0.728,-0.943
East Sarahhaven,Timothy Williams,complementary,Douglas Rush,D,0.223,-0.538,1.847,1.074,0.000,0.495,1.307,2.606
East Sarahhaven,Timothy Williams,complementary,William Santana,D,1.061,-1.513,-0.984,1.632,0.000,-1.326,1.086,0.196
East Sarahhaven,Timothy Williams,complementary,Mario Jones,D,-1.473,2.470,0.556,-0.130,0.000,2.744,1.415,1.423
East Sarahhaven,Timothy Williams,complementary,Jeffrey Kelly,D,0.698,-0.104,0.858,-0.041,0.000,-1.398,-1.369,1.411
East Sarahhaven,Timothy Williams,complementary,Jeff Myers,D,-0.391,-1.246,-0.290,0.353,0.000,-0.961,-0.420,-1.574
East Sarahhaven,Timothy Williams,complementary,Michael Brooks,D,-1.134,0.357,-0.413,0.041,0.000,-0.057,-0.150,-1.149
East Sarahhaven,Timothy Williams,complementary,Samuel Schmitt,G,0.000,0.000,0.000,0.000,0.848,-1.443,-0.249,0.848
East Sarahhaven,Timothy Williams,complementary,Matthew Farmer,G,0.000,0.000,0.000,0.000,0.723,0.431,-0.747,0.723
Christopherhaven,Jenna Rollins,complementary,Tommy Kelly,F,0.181,0.321,0.231,0.789,0.000,-0.684,-0.898,1.522
Christopherhaven,Jenna Rollins,complementary,James Wilson,F,0.335,-1.996,0.167,-0.203,0.000,0.721,2.284,-1.696
Christopherhaven,Jenna Rollins,complementary,Jon Rogers,F,-0.390,0.620,1.333,-0.985,0.000,0.548,-0.299,0.579
Christopherhaven,Jenna Rollins,complementary,Cody Jacobs,F,0.061,1.057,0.320,-0.410,0.000,0.479,1.929,1.027
Christopherhaven,Jenna Rollins,complementary,John Vasquez,F,-0.139,0.031,0.058,-1.353,0.000,-0.161,0.806,-1.403
Christopherhaven,Jenna Rollins,complementary,Nathaniel Jones,F,-2.583,-0.646,0.560,-1.362,0.000,0.460,-0.102,-4.031
Christopherhaven,Jenna Rollins,complementary,James Gonzales,F,-0.895,0.409,2.121,-1.264,0.000,-0.031,0.679,0.371
Christopherhaven,Jenna Rollins,complementary,Bradley Jackson,F,0.405,-0.751,0.823,-1.877,0.000,-0.225,0.058,-1.400
Christopherhaven,Jenna Rollins,complementary,Justin Bond,F,-0.726,-1.385,0.897,0.525,0.000,-1.321,-0.182,-0.690
Christopherhaven,Jenna Rollins,complementary,Brian Martinez,F,-0.557,-0.097,0.188,-0.074,0.000,-1.890,-1.534,-0.540
Christopherhaven,Jenna Rollins,complementary,Gerald Trevino,F,0.532,0.335,1.949,0.474,0.000,0.828,-1.656,3.290
Christopherhaven,Jenna Rollins,complementary,William Bradley,F,0.294,-0.689,2.016,0.584,0.000,0.696,0.823,2.205
Christopherhaven,Jenna Rollins,complementary,Gary Kim,D,-0.535,1.185,-0.408,0.652,0.000,-0.363,-0.444,0.895
Christopherhaven,Jenna Rollins,complementary,Scott Garcia,D,-0.430,0.054,0.654,1.568,0.000,-0.588,0.013,1.846
Christopherhaven,Jenna Rollins,complementary,William Morris,D,1.905,-0.783,-0.933,-1.041,0.000,-1.211,0.088,-0.853
Christopherhaven,Jenna Rollins,complementary,Jeffrey May,D,1.429,1.260,-1.854,-2.469,0.000,1.227,-0.706,-1.634
Christopherhaven,Jenna Rollins,complementary,Nicholas Martinez,D,-0.480,-1.440,0.296,-1.596,0.000,-1.719,-0.872,-3.220
Christopherhaven,Jenna Rollins,complementary,Lucas Russell,D,0.584,0.166,1.490,-0.835,0.000,1.644,-0.306,1.405
Christopherhaven,Jenna Rollins,complementary,Matthew Smith 2,G,0.000,0.000,0.000,0.000,-1.464,-2.080,-0.546,-1.464
Christopherhaven,Jenna Rollins,complementary,Bradley Hale,G,0.000,0.000,0.000,0.000,-0.284,-0.494,1.149,-0.284
