team,coach,playstyle,player,position,offense,defense,stamina,discipline,total
Cocos (Keeling) Islands,Lauren Cortez,complementary,Justin Bond,F,-0.103,0.010,-1.522,1.977,-0.093
Cocos (Keeling) Islands,Lauren Cortez,complementary,Edward Cross,F,-1.241,1.207,-0.901,-1.473,-0.034
Cocos (Keeling) Islands,Lauren Cortez,complementary,Michael Reid,F,1.097,-1.162,-0.919,0.240,-0.065
Cocos (Keeling) Islands,Lauren Cortez,complementary,Michael Martin,F,-1.088,-0.658,-1.751,0.482,-1.747
Cocos (Keeling) Islands,Lauren Cortez,complementary,Andrew Padilla,F,0.013,-3.233,1.128,0.569,-3.220
Cocos (Keeling) Islands,Lauren Cortez,complementary,Johnny Randall,F,-1.077,0.230,1.849,-0.659,-0.847
Cocos (Keeling) Islands,Lauren Cortez,complementary,James Hernandez,F,1.367,-1.516,-0.978,0.728,-0.149
Cocos (Keeling) Islands,Lauren Cortez,complementary,Nicholas Nelson,F,-1.822,-0.549,-0.513,-0.425,-2.371
Cocos (Keeling) Islands,Lauren Cortez,complementary,Joseph Morton,F,-0.948,0.116,0.579,-0.959,-0.832
Cocos (Keeling) Islands,Lauren Cortez,complementary,Joseph Stevens,F,1.523,-1.397,1.132,-0.386,0.126
Cocos (Keeling) Islands,Lauren Cortez,complementary,Nathaniel Jones,F,0.544,-0.679,-1.349,0.382,-0.135
Cocos (Keeling) Islands,Lauren Cortez,complementary,Michael Nguyen,F,-1.659,2.020,0.089,-0.111,0.362
Cocos (Keeling) Islands,Lauren Cortez,complementary,Thomas Sexton,D,0.216,0.880,1.474,0.977,1.096
Cocos (Keeling) Islands,Lauren Cortez,complementary,William Morris,D,0.615,-1.150,1.847,-0.488,-0.535
Cocos (Keeling) Islands,Lauren Cortez,complementary,Bryan Fisher,D,-0.328,-0.955,1.773,0.941,-1.284
Cocos (Keeling) Islands,Lauren Cortez,complementary,Sean Morris,D,-0.334,-0.419,-0.504,-1.233,-0.752
Cocos (Keeling) Islands,Lauren Cortez,complementary,Matthew Payne,D,-0.369,0.831,-1.498,0.717,0.462
Cocos (Keeling) Islands,Lauren Cortez,complementary,Michael Wyatt,D,-0.139,0.031,0.058,-1.353,-0.108
Cocos (Keeling) Islands,Lauren Cortez,complementary,Cesar Mitchell,G,1.048,-0.152,0.659,0.555,0.895
Cocos (Keeling) Islands,Lauren Cortez,complementary,Gerald Nielsen,G,-0.055,-0.941,0.566,-0.120,-0.996
Suriname,Claudia Cox,hyper-defensive,Matthew Anderson,F,-0.188,-0.457,0.307,1.021,-0.646
Suriname,Claudia Cox,hyper-defensive,William Irwin,F,0.803,0.530,0.050,-1.530,1.332
Suriname,Claudia Cox,hyper-defensive,Timothy Morris,F,-0.490,-0.469,0.971,1.513,-0.959
Suriname,Claudia Cox,hyper-defensive,Kent Hampton,F,0.755,-2.159,-0.425,0.515,-1.404
Suriname,Claudia Cox,hyper-defensive,Robert Sanders,F,-1.001,0.256,0.466,-0.622,-0.744
Suriname,Claudia Cox,hyper-defensive,Matthew White,F,-0.583,2.003,0.344,0.926,1.420
Suriname,Claudia Cox,hyper-defensive,Timothy Maldonado,F,-0.507,0.500,3.379,-0.288,-0.007
Suriname,Claudia Cox,hyper-defensive,Kelly Hanna,F,1.343,2.092,1.040,-0.468,3.435
Suriname,Claudia Cox,hyper-defensive,Robert Carter,F,0.129,-0.037,2.582,0.635,0.091
Suriname,Claudia Cox,hyper-defensive,Eric Foster,F,0.144,1.982,-0.111,0.268,2.126
Suriname,Claudia Cox,hyper-defensive,Grant Roberts,F,1.309,1.722,-0.453,1.020,3.030
Suriname,Claudia Cox,hyper-defensive,Justin Guerrero,F,-1.764,0.481,-1.471,0.599,-1.283
Suriname,Claudia Cox,hyper-defensive,Jonathan Marquez,D,-0.852,-1.062,-0.589,-0.900,-1.914
Suriname,Claudia Cox,hyper-defensive,Nicholas Ramos,D,-1.170,-0.320,-0.523,-0.960,-1.490
Suriname,Claudia Cox,hyper-defensive,Randy Hernandez,D,0.513,-0.444,0.608,0.586,0.069
Suriname,Claudia Cox,hyper-defensive,Matthew Evans,D,-0.196,-1.165,0.379,0.922,-1.360
Suriname,Claudia Cox,hyper-defensive,Christopher Gould,D,0.090,-0.247,-1.463,-1.482,-0.156
Suriname,Claudia Cox,hyper-defensive,Tony Nunez,D,0.243,-1.740,1.145,-0.091,-1.497
Suriname,Claudia Cox,hyper-defensive,Matthew Duffy,G,0.720,-0.500,1.648,0.078,0.219
Suriname,Claudia Cox,hyper-defensive,Sean Campbell,G,-0.714,1.760,0.223,-0.785,1.046
Yemen,David Mcdaniel,hyper-defensive,Christopher Quinn,F,-0.048,1.606,0.325,0.383,1.557
Yemen,David Mcdaniel,hyper-defensive,Bryan Taylor,F,-0.102,0.892,1.068,1.349,0.790
Yemen,David Mcdaniel,hyper-defensive,Frank Byrd,F,-1.479,0.324,-0.177,-0.222,-1.156
Yemen,David Mcdaniel,hyper-defensive,Charles Morales,F,-0.752,-0.132,-0.716,-0.260,-0.884
Yemen,David Mcdaniel,hyper-defensive,Cole Brown,F,1.335,1.252,0.857,-1.035,2.587
Yemen,David Mcdaniel,hyper-defensive,Joshua Brown,F,1.165,0.208,0.296,-0.318,1.372
Yemen,David Mcdaniel,hyper-defensive,Jeremy Lee,F,0.445,-1.231,0.183,-1.837,-0.786
Yemen,David Mcdaniel,hyper-defensive,Johnny Salazar,F,0.758,-1.184,0.016,0.346,-0.426
Yemen,David Mcdaniel,hyper-defensive,James Johnston,F,0.318,1.587,-1.722,-0.323,1.905
Yemen,David Mcdaniel,hyper-defensive,Michael Stephens,F,1.744,1.279,-1.904,-0.406,3.023
Yemen,David Mcdaniel,hyper-defensive,Christopher Jones,F,-0.256,-0.468,0.089,-0.442,-0.724
Yemen,David Mcdaniel,hyper-defensive,Joe Graham,F,0.119,0.795,-0.174,-0.198,0.914
Yemen,David Mcdaniel,hyper-defensive,Christopher Wilson,D,1.169,-0.923,-1.103,-1.304,0.246
Yemen,David Mcdaniel,hyper-defensive,David Mitchell,D,0.548,-0.299,0.115,-0.294,0.249
Yemen,David Mcdaniel,hyper-defensive,James Shaw,D,-0.975,-0.230,0.665,-0.912,-1.205
Yemen,David Mcdaniel,hyper-defensive,Lawrence Smith,D,-0.390,0.620,1.333,-0.985,0.230
Yemen,David Mcdaniel,hyper-defensive,Steven Johnson,D,-0.972,0.984,0.783,0.288,0.012
Yemen,David Mcdaniel,hyper-defensive,Randy Romero,D,3.115,0.009,0.753,-1.108,3.124
Yemen,David Mcdaniel,hyper-defensive,James Bauer,G,-0.355,-0.605,0.311,0.754,-0.959
Yemen,David Mcdaniel,hyper-defensive,Austin Wilson,G,-0.174,1.461,2.225,1.219,1.288
Rwanda,Diane Davidson,star-centric,Alexander Goodwin,F,-0.319,1.039,-0.811,-0.781,0.720
Rwanda,Diane Davidson,star-centric,Jon Rogers,F,0.653,0.514,-0.216,0.015,1.167
Rwanda,Diane Davidson,star-centric,Joseph Flowers,F,1.107,0.144,0.257,-0.252,1.251
Rwanda,Diane Davidson,star-centric,Brandon Todd,F,-0.594,0.184,-0.523,1.543,-0.410
Rwanda,Diane Davidson,star-centric,William Morgan,F,0.280,-0.113,-1.141,-0.373,0.167
Rwanda,Diane Davidson,star-centric,Bradley Jackson,F,-0.150,-1.674,0.664,-0.781,-1.824
Rwanda,Diane Davidson,star-centric,Gregory Jackson,F,-0.173,0.403,-0.255,-0.770,0.230
Rwanda,Diane Davidson,star-centric,Phillip Smith,F,2.097,-1.534,-1.131,0.551,0.563
Rwanda,Diane Davidson,star-centric,Timothy Moore,F,0.074,-0.662,0.192,-0.549,-0.587
Rwanda,Diane Davidson,star-centric,Jason Reed,F,-0.970,0.145,-1.155,-0.220,-0.824
Rwanda,Diane Davidson,star-centric,George Valencia,F,-0.115,2.592,0.685,0.258,2.477
Rwanda,Diane Davidson,star-centric,Matthew Ryan,F,1.262,0.703,0.010,-0.205,1.965
Rwanda,Diane Davidson,star-centric,Charles Gordon,D,-3.187,-0.898,-0.369,-0.928,-4.085
Rwanda,Diane Davidson,star-centric,Richard Smith,D,-0.011,0.479,0.584,0.303,0.468
Rwanda,Diane Davidson,star-centric,Brian Jenkins,D,0.941,-0.135,0.209,-0.066,0.806
Rwanda,Diane Davidson,star-centric,Keith Mcbride,D,-0.454,0.350,0.494,-1.207,-0.104
Rwanda,Diane Davidson,star-centric,Timothy Cochran,D,-0.155,-0.753,0.407,-1.140,-0.908
Rwanda,Diane Davidson,star-centric,Thomas Myers,D,-0.648,0.737,1.034,-1.008,0.089
Rwanda,Diane Davidson,star-centric,Joseph Brown,G,-1.135,0.540,0.315,-1.255,-0.594
Rwanda,Diane Davidson,star-centric,Richard Wong,G,0.300,0.178,0.414,-0.902,0.478
Equatorial Guinea,Jeffrey Gray,balanced,Richard Rodriguez,F,0.903,0.406,-1.049,-0.168,1.309
Equatorial Guinea,Jeffrey Gray,balanced,Thomas Morgan,F,-0.376,1.142,0.335,-0.284,0.766
Equatorial Guinea,Jeffrey Gray,balanced,Bryan Johnson,F,-0.342,0.532,0.629,0.380,0.190
Equatorial Guinea,Jeffrey Gray,balanced,Wayne Wallace,F,0.219,0.208,-0.757,-0.228,0.427
Equatorial Guinea,Jeffrey Gray,balanced,Thomas Fox,F,0.508,-0.513,-0.127,-0.350,-0.005
Equatorial Guinea,Jeffrey Gray,balanced,Hunter Hunt,F,1.665,-0.105,-0.163,-0.027,1.560
Equatorial Guinea,Jeffrey Gray,balanced,Jacob Armstrong,F,-0.436,0.117,-0.853,-1.432,-0.319
Equatorial Guinea,Jeffrey Gray,balanced,Jeremy Collins,F,0.536,1.085,-1.151,0.418,1.621
Equatorial Guinea,Jeffrey Gray,balanced,Jesse Larson,F,0.305,-1.164,-0.688,-0.670,-0.859
Equatorial Guinea,Jeffrey Gray,balanced,Michael Flores,F,0.605,0.184,-0.489,-0.593,0.790
Equatorial Guinea,Jeffrey Gray,balanced,Bradley Cummings,F,0.976,1.728,0.306,0.035,2.704
Equatorial Guinea,Jeffrey Gray,balanced,John Friedman,F,1.351,1.772,0.917,0.600,3.123
Equatorial Guinea,Jeffrey Gray,balanced,Alan Martinez,D,0.551,-0.393,0.207,1.143,0.157
Equatorial Guinea,Jeffrey Gray,balanced,Jeffrey May,D,1.175,1.010,0.893,-0.624,2.185
Equatorial Guinea,Jeffrey Gray,balanced,Shawn Rios,D,1.543,-0.488,0.483,-0.037,1.055
Equatorial Guinea,Jeffrey Gray,balanced,Donald Carr,D,-0.775,0.053,0.534,-0.399,-0.722
Equatorial Guinea,Jeffrey Gray,balanced,Marcus Meza,D,0.138,-1.257,0.964,-0.611,-1.119
Equatorial Guinea,Jeffrey Gray,balanced,Robert Mitchell,D,-1.202,0.008,0.380,0.945,-1.194
Equatorial Guinea,Jeffrey Gray,balanced,Samuel Schmitt,G,-0.430,0.054,0.654,1.568,-0.376
Equatorial Guinea,Jeffrey Gray,balanced,Jonathan Austin,G,-2.234,-1.173,-0.457,0.435,-3.406
Latvia,Ryan Anderson,hyper-defensive,Daniel Taylor,F,-0.002,-0.030,0.169,0.060,-0.032
Latvia,Ryan Anderson,hyper-defensive,Daniel Wright,F,-0.453,-0.930,-0.810,0.109,-1.383
Latvia,Ryan Anderson,hyper-defensive,Walter Diaz,F,0.174,-1.054,0.573,0.430,-0.880
Latvia,Ryan Anderson,hyper-defensive,Walter Haynes,F,-0.309,-0.191,0.540,-0.246,-0.500
Latvia,Ryan Anderson,hyper-defensive,Brandon Hall,F,1.182,1.404,1.309,0.826,2.586
Latvia,Ryan Anderson,hyper-defensive,Vincent Mitchell,F,-0.287,-0.806,0.961,0.277,-1.093
Latvia,Ryan Anderson,hyper-defensive,Kevin Lowe,F,-0.339,0.996,0.727,0.739,0.656
Latvia,Ryan Anderson,hyper-defensive,Robert Mathews,F,1.452,-0.150,-0.192,0.039,1.302
Latvia,Ryan Anderson,hyper-defensive,Cody Jacobs,F,0.829,-1.183,0.870,-0.349,-0.354
Latvia,Ryan Anderson,hyper-defensive,Alfred Smith,F,-1.197,0.719,2.141,-1.315,-0.478
Latvia,Ryan Anderson,hyper-defensive,Robert Williams,F,0.243,-1.714,0.889,-0.867,-1.471
Latvia,Ryan Anderson,hyper-defensive,Robert Elliott,F,0.117,0.336,0.796,0.836,0.453
Latvia,Ryan Anderson,hyper-defensive,Douglas Sparks,D,0.744,-0.448,1.153,1.138,0.296
Latvia,Ryan Anderson,hyper-defensive,Scott Garcia,D,1.014,-0.057,-1.223,-1.415,0.957
Latvia,Ryan Anderson,hyper-defensive,Bradley Frazier,D,-0.261,0.826,-1.205,0.289,0.565
Latvia,Ryan Anderson,hyper-defensive,Stephen Powell,D,1.130,1.712,-0.423,0.093,2.842
Latvia,Ryan Anderson,hyper-defensive,Brandon Palmer,D,1.389,-0.245,0.032,0.186,1.144
Latvia,Ryan Anderson,hyper-defensive,Lucas Russell,D,-1.590,-0.816,0.081,0.380,-2.407
Latvia,Ryan Anderson,hyper-defensive,Justin Guzman,G,-0.048,-0.652,-1.298,-0.006,-0.700
Latvia,Ryan Anderson,hyper-defensive,Brian Wilson,G,1.025,-0.346,-1.012,0.245,0.679
Ethiopia,Matthew Duncan,hyper-defensive,Joseph Bennett,F,0.769,-0.919,0.915,0.892,-0.150
Ethiopia,Matthew Duncan,hyper-defensive,Jerome Stephens,F,0.343,-0.954,0.555,1.805,-0.611
Ethiopia,Matthew Duncan,hyper-defensive,Jamie Chapman,F,-0.977,-0.159,0.742,-0.596,-1.136
Ethiopia,Matthew Duncan,hyper-defensive,John Moody,F,-0.987,-0.668,-0.204,-2.121,-1.655
Ethiopia,Matthew Duncan,hyper-defensive,Cory Nguyen,F,-0.526,-1.526,0.496,-0.127,-2.051
Ethiopia,Matthew Duncan,hyper-defensive,Anthony Perez,F,-0.296,-1.371,-0.129,-0.145,-1.668
Ethiopia,Matthew Duncan,hyper-defensive,Michael Nichols,F,0.433,-1.049,1.167,-1.315,-0.616
Ethiopia,Matthew Duncan,hyper-defensive,Kevin Pace,F,1.643,-0.305,-1.610,-0.212,1.338
Ethiopia,Matthew Duncan,hyper-defensive,Luis Taylor,F,-0.955,-0.657,-0.503,-0.800,-1.612
Ethiopia,Matthew Duncan,hyper-defensive,Mark Fletcher,F,1.183,0.283,-2.208,-1.540,1.465
Ethiopia,Matthew Duncan,hyper-defensive,Raymond Riley,F,0.450,0.472,1.084,-0.254,0.922
Ethiopia,Matthew Duncan,hyper-defensive,Dennis Graves,F,-0.211,-0.233,-0.410,-1.214,-0.444
Ethiopia,Matthew Duncan,hyper-defensive,Thomas Daniels,D,-0.866,-2.443,0.239,-0.779,-3.309
Ethiopia,Matthew Duncan,hyper-defensive,Benjamin Johnson,D,-1.076,1.310,-0.411,-0.505,0.234
Ethiopia,Matthew Duncan,hyper-defensive,Matthew Jones,D,2.029,0.325,0.415,-1.355,2.354
Ethiopia,Matthew Duncan,hyper-defensive,Joel Wright,D,0.134,1.788,-0.206,0.211,1.922
Ethiopia,Matthew Duncan,hyper-defensive,Michael Brooks,D,-1.745,-0.194,-0.178,0.117,-1.939
Ethiopia,Matthew Duncan,hyper-defensive,Jeffrey Kelly,D,-0.764,0.204,-0.490,-0.067,-0.559
Ethiopia,Matthew Duncan,hyper-defensive,Peter Perez,G,-1.114,-0.624,0.591,-0.243,-1.738
Ethiopia,Matthew Duncan,hyper-defensive,Matthew Smith 2,G,1.031,-0.177,-0.142,-0.048,0.854
Portugal,Angelica Watkins,hyper-defensive,Donald Campbell,F,-0.174,-0.104,0.639,-0.178,-0.277
Portugal,Angelica Watkins,hyper-defensive,Austin Gomez,F,0.460,-0.082,-0.271,0.724,0.377
Portugal,Angelica Watkins,hyper-defensive,Shawn Johnson,F,-0.381,1.199,-0.149,1.577,0.817
Portugal,Angelica Watkins,hyper-defensive,Austin Lozano,F,0.080,1.587,-0.731,0.146,1.667
Portugal,Angelica Watkins,hyper-defensive,Rodney Morris,F,1.260,-0.014,-0.934,-1.234,1.246
Portugal,Angelica Watkins,hyper-defensive,Cody Park,F,-1.600,-0.903,1.048,-1.221,-2.502
Portugal,Angelica Watkins,hyper-defensive,Eric Stafford,F,-0.153,0.016,0.065,-1.421,-0.136
Portugal,Angelica Watkins,hyper-defensive,Christopher Vega,F,-1.710,-0.510,1.043,-2.183,-2.220
Portugal,Angelica Watkins,hyper-defensive,Kevin Henry,F,-3.694,0.852,0.327,-0.756,-2.842
Portugal,Angelica Watkins,hyper-defensive,Nicholas Young,F,0.383,-0.754,0.858,-1.217,-0.371
Portugal,Angelica Watkins,hyper-defensive,Joshua Velazquez,F,1.012,-1.291,0.430,1.023,-0.279
Portugal,Angelica Watkins,hyper-defensive,Jerry Morales,F,0.183,0.923,-0.712,-1.421,1.106
Portugal,Angelica Watkins,hyper-defensive,John Petersen,D,-0.540,-0.106,0.972,0.608,-0.646
Portugal,Angelica Watkins,hyper-defensive,Gregory Shea,D,1.773,0.484,-2.683,0.566,2.257
Portugal,Angelica Watkins,hyper-defensive,Michael Dalton,D,0.552,-0.398,-1.422,-0.085,0.153
Portugal,Angelica Watkins,hyper-defensive,Randy Mccormick,D,-0.883,-1.085,0.282,-0.206,-1.968
Portugal,Angelica Watkins,hyper-defensive,Michael Oneill,D,-1.135,0.220,-0.692,0.475,-0.915
Portugal,Angelica Watkins,hyper-defensive,Thomas Brooks,D,1.143,-0.462,-0.306,0.028,0.682
Portugal,Angelica Watkins,hyper-defensive,Melvin Thompson,G,0.402,1.604,0.210,-1.275,2.007
Portugal,Angelica Watkins,hyper-defensive,Fred Bartlett,G,-1.629,0.882,-0.544,1.032,-0.748
Canada,Emily Carter,hyper-offensive,Brandon Rice,F,0.061,1.057,0.320,-0.410,1.117
Canada,Emily Carter,hyper-offensive,Christian Johnson,F,-1.274,0.010,0.018,0.942,-1.264
Canada,Emily Carter,hyper-offensive,Michael Anderson,F,0.755,1.339,0.013,-1.509,2.093
Canada,Emily Carter,hyper-offensive,John Henderson,F,1.477,-0.815,-1.111,1.526,0.662
Canada,Emily Carter,hyper-offensive,Cameron Walker,F,-0.790,-0.124,0.576,0.389,-0.914
Canada,Emily Carter,hyper-offensive,Michael Raymond,F,-1.249,-1.058,0.368,-1.143,-2.306
Canada,Emily Carter,hyper-offensive,Charles Bridges,F,-0.744,-0.303,0.623,-0.742,-1.047
Canada,Emily Carter,hyper-offensive,Jacob Lewis,F,0.664,-0.725,0.238,0.572,-0.061
Canada,Emily Carter,hyper-offensive,Mark Johnston,F,-2.832,-1.471,0.709,1.498,-4.303
Canada,Emily Carter,hyper-offensive,William Bradley,F,0.595,-1.790,-0.699,-0.611,-1.195
Canada,Emily Carter,hyper-offensive,Michael Harmon,F,0.479,1.929,0.256,-1.567,2.408
Canada,Emily Carter,hyper-offensive,Gerald Trevino,F,0.181,-0.675,-0.589,-0.558,-0.493
Canada,Emily Carter,hyper-offensive,Jeffrey Franklin,D,-0.899,0.640,0.520,0.065,-0.259
Canada,Emily Carter,hyper-offensive,Paul Collier,D,0.656,-0.734,-1.088,1.243,-0.079
Canada,Emily Carter,hyper-offensive,James Miles,D,-1.152,2.781,-0.322,-0.033,1.629
Canada,Emily Carter,hyper-offensive,Spencer Nelson,D,-2.525,-0.420,1.507,1.393,-2.946
Canada,Emily Carter,hyper-offensive,Stuart Scott,D,-1.025,-1.335,-1.795,-0.793,-2.360
Canada,Emily Carter,hyper-offensive,Jeffrey Jacobs,D,0.019,-0.831,0.175,-0.871,-0.813
Canada,Emily Carter,hyper-offensive,John Contreras,G,-0.353,-0.666,-0.730,0.296,-1.019
Canada,Emily Carter,hyper-offensive,Brendan Jackson,G,-0.490,0.741,0.023,0.269,0.252
Macao,Jeanne Edwards,hyper-defensive,Brian Walton,F,-0.345,-0.571,0.405,-0.623,-0.916
Macao,Jeanne Edwards,hyper-defensive,David Boyle,F,-0.491,-0.374,-0.149,-0.591,-0.865
Macao,Jeanne Edwards,hyper-defensive,William Smith,F,-0.742,-0.079,0.839,-1.840,-0.821
Macao,Jeanne Edwards,hyper-defensive,Eric Robertson,F,1.888,0.332,0.977,0.653,2.220
Macao,Jeanne Edwards,hyper-defensive,Bill Rodriguez,F,-0.220,0.423,0.203,-0.333,0.203
Macao,Jeanne Edwards,hyper-defensive,Phillip Dudley,F,-0.573,-0.743,0.361,0.347,-1.316
Macao,Jeanne Edwards,hyper-defensive,Todd Thomas,F,-2.055,-0.206,0.596,0.425,-2.261
Macao,Jeanne Edwards,hyper-defensive,Tyler Strickland,F,-1.761,-0.720,0.232,1.515,-2.481
Macao,Jeanne Edwards,hyper-defensive,Donald Ayala,F,0.045,-0.939,1.477,0.048,-0.894
Macao,Jeanne Edwards,hyper-defensive,Michael Mccarthy,F,0.181,0.321,0.231,0.789,0.501
Macao,Jeanne Edwards,hyper-defensive,Allen Williams,F,-0.550,1.907,-0.667,1.571,1.358
Macao,Jeanne Edwards,hyper-defensive,Michael Reynolds,F,-0.147,1.299,-0.676,-0.750,1.152
Macao,Jeanne Edwards,hyper-defensive,Tyler Bradford,D,1.157,-1.008,0.498,1.704,0.149
Macao,Jeanne Edwards,hyper-defensive,Charles Smith,D,0.721,2.284,-0.212,0.250,3.005
Macao,Jeanne Edwards,hyper-defensive,Henry House,D,-0.048,-0.851,0.914,0.114,-0.899
Macao,Jeanne Edwards,hyper-defensive,Terry Holder,D,1.640,0.114,0.504,-0.617,1.754
Macao,Jeanne Edwards,hyper-defensive,Joseph Padilla,D,-1.574,-2.328,0.469,0.047,-3.902
Macao,Jeanne Edwards,hyper-defensive,Travis Yang,D,0.692,0.840,-0.256,2.136,1.533
Macao,Jeanne Edwards,hyper-defensive,Jesse Suarez,G,-1.473,2.470,0.556,-0.130,0.997
Macao,Jeanne Edwards,hyper-defensive,Michael Zuniga,G,1.372,1.727,-0.869,-0.058,3.099
Tunisia,Trevor Perez,hyper-defensive,John Donovan,F,-0.746,1.235,-1.043,-0.888,0.490
Tunisia,Trevor Perez,hyper-defensive,Richard Thomas,F,0.752,-0.182,0.561,-0.299,0.570
Tunisia,Trevor Perez,hyper-defensive,Stephen Reyes,F,-0.088,-2.024,0.545,0.434,-2.112
Tunisia,Trevor Perez,hyper-defensive,Anthony Anderson,F,-1.893,-0.674,-1.607,0.813,-2.567
Tunisia,Trevor Perez,hyper-defensive,Jason Miller,F,3.211,1.182,0.268,0.436,4.394
Tunisia,Trevor Perez,hyper-defensive,Robert Smith,F,-1.022,-0.135,-0.837,1.428,-1.156
Tunisia,Trevor Perez,hyper-defensive,Thomas Hernandez,F,-1.253,-0.888,-0.263,1.006,-2.141
Tunisia,Trevor Perez,hyper-defensive,Michael Ellis,F,0.569,0.033,1.877,-1.718,0.602
Tunisia,Trevor Perez,hyper-defensive,Austin Jackson,F,-0.875,-0.587,-0.226,-0.451,-1.462
Tunisia,Trevor Perez,hyper-defensive,Michael Mendoza,F,-1.014,-0.149,0.599,0.144,-1.163
Tunisia,Trevor Perez,hyper-defensive,Michael Thompson,F,0.240,0.016,0.545,-0.298,0.256
Tunisia,Trevor Perez,hyper-defensive,Samuel Williams,F,-1.818,-0.529,0.361,-0.522,-2.347
Tunisia,Trevor Perez,hyper-defensive,Joseph Bush,D,-0.998,0.692,1.444,-0.521,-0.306
Tunisia,Trevor Perez,hyper-defensive,Benjamin Shaw,D,-1.113,-1.263,0.584,0.189,-2.376
Tunisia,Trevor Perez,hyper-defensive,Michael Kelly,D,-0.320,-0.288,1.734,0.073,-0.608
Tunisia,Trevor Perez,hyper-defensive,Keith Brown,D,-0.442,0.844,-0.803,1.503,0.403
Tunisia,Trevor Perez,hyper-defensive,Gary Kim,D,-1.105,0.070,0.981,-1.060,-1.035
Tunisia,Trevor Perez,hyper-defensive,Jacob Sanchez,D,0.247,-0.491,-1.510,0.310,-0.244
Tunisia,Trevor Perez,hyper-defensive,Jeffrey Beck,G,-0.362,-0.632,0.952,-0.281,-0.994
Tunisia,Trevor Perez,hyper-defensive,Kyle Wilson,G,2.021,1.386,-1.114,0.375,3.407
Jordan,Vincent Lucas,hyper-offensive,Wesley Lindsey,F,1.241,0.130,-2.194,1.245,1.371
Jordan,Vincent Lucas,hyper-offensive,Ryan Mueller,F,1.494,2.223,0.637,-0.238,3.717
Jordan,Vincent Lucas,hyper-offensive,Adam Thompson,F,-0.520,0.795,-0.740,-0.198,0.274
Jordan,Vincent Lucas,hyper-offensive,John Campbell,F,-0.210,-0.282,-0.498,0.363,-0.492
Jordan,Vincent Lucas,hyper-offensive,Chris Foster,F,-0.344,-0.415,1.788,-0.082,-0.759
Jordan,Vincent Lucas,hyper-offensive,Todd Wilson,F,0.814,-2.060,0.745,-0.246,-1.246
Jordan,Vincent Lucas,hyper-offensive,David Wilson,F,-0.501,0.238,1.455,-1.294,-0.263
Jordan,Vincent Lucas,hyper-offensive,Jordan Washington,F,1.184,-0.282,-0.762,-1.395,0.901
Jordan,Vincent Lucas,hyper-offensive,Jesus Watkins,F,0.791,1.989,-0.230,0.787,2.780
Jordan,Vincent Lucas,hyper-offensive,Ryan Allen,F,2.688,-0.697,-0.006,1.014,1.991
Jordan,Vincent Lucas,hyper-offensive,Kevin Fischer,F,0.442,0.014,-0.859,0.255,0.456
Jordan,Vincent Lucas,hyper-offensive,James Garcia,F,1.566,-0.735,-0.511,2.828,0.831
Jordan,Vincent Lucas,hyper-offensive,Brad Davis,D,-0.240,-0.679,-2.281,-0.127,-0.919
Jordan,Vincent Lucas,hyper-offensive,William Richardson,D,-0.098,-1.427,-1.244,0.092,-1.525
Jordan,Vincent Lucas,hyper-offensive,Christopher Walker,D,-1.160,0.991,-0.132,0.560,-0.169
Jordan,Vincent Lucas,hyper-offensive,David Nichols,D,-1.994,-1.031,0.367,1.589,-3.025
Jordan,Vincent Lucas,hyper-offensive,Jeremiah Brooks,D,0.535,1.067,1.368,1.417,1.602
Jordan,Vincent Lucas,hyper-offensive,Christopher Jones 2,D,-0.689,0.659,1.304,-1.793,-0.030
Jordan,Vincent Lucas,hyper-offensive,Luke Norris,G,-1.008,0.788,1.575,1.028,-0.221
Jordan,Vincent Lucas,hyper-offensive,Marvin Lambert,G,-1.615,0.016,0.168,-0.279,-1.599
Belarus,Paul Leach,hyper-defensive,Darryl Johnson,F,0.218,0.831,-0.170,-2.333,1.049
Belarus,Paul Leach,hyper-defensive,Ivan Conley,F,-0.411,0.965,0.708,-0.144,0.554
Belarus,Paul Leach,hyper-defensive,Matthew Smith,F,0.081,0.037,-0.557,-0.097,0.118
Belarus,Paul Leach,hyper-defensive,Geoffrey Wright,F,1.247,-1.069,0.273,-1.234,0.178
Belarus,Paul Leach,hyper-defensive,Frederick Logan,F,-1.709,0.112,-0.399,-0.265,-1.597
Belarus,Paul Leach,hyper-defensive,Devin Day,F,1.525,0.355,-1.075,-1.157,1.880
Belarus,Paul Leach,hyper-defensive,Marvin Brown,F,-0.166,1.546,0.897,0.962,1.380
Belarus,Paul Leach,hyper-defensive,Jonathan Davis,F,0.490,0.088,-0.772,-1.357,0.579
Belarus,Paul Leach,hyper-defensive,Joshua Rivera,F,2.121,-1.264,-0.031,0.679,0.857
Belarus,Paul Leach,hyper-defensive,Andrew Hoffman,F,1.085,-1.131,-1.126,1.362,-0.046
Belarus,Paul Leach,hyper-defensive,Matthew Ellis,F,-0.998,0.059,0.585,-0.009,-0.939
Belarus,Paul Leach,hyper-defensive,Garrett Hall,F,2.477,-0.571,-1.983,-0.352,1.906
Belarus,Paul Leach,hyper-defensive,Timothy Schwartz,D,0.779,-0.155,1.924,2.207,0.624
Belarus,Paul Leach,hyper-defensive,Brian Brown,D,-2.084,-0.363,1.441,-0.599,-2.447
Belarus,Paul Leach,hyper-defensive,Chris Coleman,D,-0.653,0.468,1.661,-0.045,-0.185
Belarus,Paul Leach,hyper-defensive,Travis Perez,D,0.589,0.538,1.080,-0.819,1.127
Belarus,Paul Leach,hyper-defensive,Jeff Myers,D,-0.099,0.845,0.968,-0.695,0.745
Belarus,Paul Leach,hyper-defensive,Steve Ashley,D,-0.161,0.806,0.405,-0.751,0.645
Belarus,Paul Leach,hyper-defensive,Benjamin Francis,G,1.205,-0.595,0.687,-0.280,0.611
Belarus,Paul Leach,hyper-defensive,Victor Franklin,G,1.954,-0.767,0.959,0.292,1.187
Italy,Hayley Gutierrez,hyper-offensive,Juan Thompson,F,-0.726,-1.385,0.897,0.525,-2.111
Italy,Hayley Gutierrez,hyper-offensive,Phillip Barker,F,0.029,-0.139,-0.257,0.155,-0.110
Italy,Hayley Gutierrez,hyper-offensive,Christopher Gutierrez,F,0.789,-0.549,0.672,1.853,0.240
Italy,Hayley Gutierrez,hyper-offensive,Matthew Dixon,F,-0.664,-0.155,-2.101,-0.669,-0.820
Italy,Hayley Gutierrez,hyper-offensive,James Gonzales,F,0.003,0.638,0.185,0.455,0.641
Italy,Hayley Gutierrez,hyper-offensive,Caleb Bates,F,1.189,0.275,-1.091,-0.024,1.464
Italy,Hayley Gutierrez,hyper-offensive,David Wells,F,-0.755,0.816,1.773,1.136,0.061
Italy,Hayley Gutierrez,hyper-offensive,Eric Foster 2,F,1.311,0.756,0.756,0.100,2.066
Italy,Hayley Gutierrez,hyper-offensive,Brian Goodwin,F,-2.684,-0.886,0.012,-0.530,-3.570
Italy,Hayley Gutierrez,hyper-offensive,Joseph Wells,F,0.845,2.880,-0.765,2.667,3.725
Italy,Hayley Gutierrez,hyper-offensive,Christopher Francis,F,1.006,-0.604,-1.358,0.289,0.402
Italy,Hayley Gutierrez,hyper-offensive,Kevin Lawson,F,-0.947,-0.232,-0.172,1.996,-1.178
Italy,Hayley Gutierrez,hyper-offensive,Edward King,D,-0.394,0.683,-0.239,-0.189,0.289
Italy,Hayley Gutierrez,hyper-offensive,Dale Powers,D,-1.350,-0.490,-0.222,-0.318,-1.840
Italy,Hayley Gutierrez,hyper-offensive,Erik Medina,D,0.335,-1.996,0.167,-0.203,-1.661
Italy,Hayley Gutierrez,hyper-offensive,Jason Young,D,-0.107,0.487,0.681,0.003,0.381
Italy,Hayley Gutierrez,hyper-offensive,Brian Long,D,-0.499,1.908,1.364,0.341,1.408
Italy,Hayley Gutierrez,hyper-offensive,Samuel Tran,D,-1.575,0.360,0.808,0.391,-1.215
Italy,Hayley Gutierrez,hyper-offensive,John Huynh,G,1.271,-0.431,-0.658,0.069,0.839
Italy,Hayley Gutierrez,hyper-offensive,Justin Garcia,G,0.727,-0.868,0.689,0.600,-0.141
French Polynesia,Kenneth Murray,balanced,David Gray,F,-0.684,-0.898,-0.122,2.079,-1.583
French Polynesia,Kenneth Murray,balanced,Todd Rodriguez,F,0.224,-0.687,0.625,0.653,-0.463
French Polynesia,Kenneth Murray,balanced,Patrick Smith,F,1.029,-0.311,-2.228,0.818,0.718
French Polynesia,Kenneth Murray,balanced,Jeremy Roth,F,0.012,0.324,0.007,-0.608,0.335
French Polynesia,Kenneth Murray,balanced,Timothy Jones,F,-0.436,0.185,0.872,0.348,-0.251
French Polynesia,Kenneth Murray,balanced,Anthony Perez 2,F,2.016,0.584,0.696,0.823,2.600
French Polynesia,Kenneth Murray,balanced,Jason Coffey,F,-1.717,0.111,0.732,-0.100,-1.605
French Polynesia,Kenneth Murray,balanced,Cameron Choi,F,-0.485,0.794,0.294,-0.689,0.310
French Polynesia,Kenneth Murray,balanced,Brian Diaz,F,-1.035,1.089,0.176,-0.625,0.053
French Polynesia,Kenneth Murray,balanced,Gene Rodgers,F,-0.485,0.728,-1.148,0.147,0.243
French Polynesia,Kenneth Murray,balanced,David Arroyo,F,0.617,1.064,-1.672,-0.695,1.680
French Polynesia,Kenneth Murray,balanced,Connor Miller,F,-1.441,0.726,1.345,-0.531,-0.716
French Polynesia,Kenneth Murray,balanced,Victor Richardson,D,2.689,0.501,0.857,-1.006,3.191
French Polynesia,Kenneth Murray,balanced,Dale Mendoza,D,0.855,-0.355,-0.674,-1.213,0.500
French Polynesia,Kenneth Murray,balanced,Mario Jones,D,-0.428,-0.448,0.932,2.370,-0.877
French Polynesia,Kenneth Murray,balanced,Robert Davenport,D,0.697,0.392,-0.406,-1.091,1.089
French Polynesia,Kenneth Murray,balanced,Joel Rodriguez,D,-0.393,2.789,-2.945,1.275,2.396
French Polynesia,Kenneth Murray,balanced,Henry Bates,D,0.152,-0.225,1.694,0.775,-0.073
French Polynesia,Kenneth Murray,balanced,Jeremy Barnes,G,-0.833,-1.011,-0.439,0.453,-1.844
French Polynesia,Kenneth Murray,balanced,Bradley Hale,G,-0.648,-0.237,-0.614,-0.900,-0.884
Luxembourg,Ryan Gibbs,star-centric,Greg Espinoza,F,0.724,-1.246,2.208,-0.963,-0.522
Luxembourg,Ryan Gibbs,star-centric,Stephen Adams,F,0.640,0.317,-1.641,-0.629,0.957
Luxembourg,Ryan Gibbs,star-centric,Craig Davis,F,0.863,-0.996,-1.222,1.606,-0.133
Luxembourg,Ryan Gibbs,star-centric,Taylor Price,F,-0.207,1.997,-0.107,1.251,1.790
Luxembourg,Ryan Gibbs,star-centric,Scott Joyce,F,0.404,2.030,0.429,-0.335,2.434
Luxembourg,Ryan Gibbs,star-centric,Austin Potter,F,-1.025,-1.082,-1.263,2.030,-2.108
Luxembourg,Ryan Gibbs,star-centric,Thomas Roberts,F,0.125,0.877,0.709,-1.799,1.003
Luxembourg,Ryan Gibbs,star-centric,Harold Cruz,F,-1.331,-0.308,-0.080,-0.368,-1.639
Luxembourg,Ryan Gibbs,star-centric,David Fisher,F,0.005,-0.821,0.551,-1.149,-0.816
Luxembourg,Ryan Gibbs,star-centric,Jason Kramer,F,1.493,0.753,1.284,-0.154,2.246
Luxembourg,Ryan Gibbs,star-centric,John Rich,F,-1.683,-0.311,2.072,-1.578,-1.994
Luxembourg,Ryan Gibbs,star-centric,Samuel Ochoa,F,-0.824,-0.253,-0.117,-1.469,-1.078
Luxembourg,Ryan Gibbs,star-centric,Anthony Wright,D,1.684,0.784,-0.870,-1.890,2.468
Luxembourg,Ryan Gibbs,star-centric,Charles Sullivan,D,0.648,-0.568,-0.123,-1.078,0.080
Luxembourg,Ryan Gibbs,star-centric,Michael Clark,D,1.490,1.213,2.759,0.032,2.704
Luxembourg,Ryan Gibbs,star-centric,Justin George,D,-0.988,-0.441,0.694,-1.199,-1.429
Luxembourg,Ryan Gibbs,star-centric,Matthew Maldonado,D,-1.350,0.294,-0.550,-1.108,-1.056
Luxembourg,Ryan Gibbs,star-centric,Jacob Thomas,D,1.976,-0.084,0.164,-0.596,1.892
Luxembourg,Ryan Gibbs,star-centric,Matthew Davis,G,-1.177,-0.185,-1.000,1.424,-1.362
Luxembourg,Ryan Gibbs,star-centric,Jesse Joseph,G,0.316,-1.505,1.043,0.912,-1.189
Palau,Michael Sims,hyper-defensive,Robert Wheeler,F,0.587,-0.562,-0.781,1.410,0.025
Palau,Michael Sims,hyper-defensive,Christopher Morales,F,-2.298,0.854,1.932,-1.129,-1.444
Palau,Michael Sims,hyper-defensive,Jesus Rodriguez,F,-1.352,0.593,0.809,0.174,-0.759
Palau,Michael Sims,hyper-defensive,Charles Alexander,F,1.796,-0.279,0.137,-0.773,1.517
Palau,Michael Sims,hyper-defensive,David Kelly,F,0.289,0.456,0.269,-1.301,0.744
Palau,Michael Sims,hyper-defensive,Henry Bowen,F,1.134,0.605,0.501,-1.612,1.739
Palau,Michael Sims,hyper-defensive,Brian Martinez,F,-0.720,-1.002,-0.097,-0.640,-1.721
Palau,Michael Sims,hyper-defensive,Timothy Stokes,F,-1.273,0.672,-0.122,0.682,-0.601
Palau,Michael Sims,hyper-defensive,Nathan Fuentes,F,0.025,0.033,0.079,-0.439,0.057
Palau,Michael Sims,hyper-defensive,Charles Roberts,F,-0.049,-0.039,0.431,1.274,-0.087
Palau,Michael Sims,hyper-defensive,Bruce Thompson,F,0.013,-1.620,-1.165,-0.547,-1.608
Palau,Michael Sims,hyper-defensive,Ronald Willis,F,1.908,0.329,-0.909,1.224,2.237
Palau,Michael Sims,hyper-defensive,Kenneth Abbott,D,-0.698,-0.098,-0.789,-0.013,-0.796
Palau,Michael Sims,hyper-defensive,James Mills,D,-0.166,-0.853,0.383,-0.007,-1.019
Palau,Michael Sims,hyper-defensive,Isaiah Henderson,D,0.761,-0.494,0.672,-0.471,0.268
Palau,Michael Sims,hyper-defensive,David Williams,D,-0.133,0.158,-0.850,-0.430,0.025
Palau,Michael Sims,hyper-defensive,Jesse Jordan,D,-0.157,-0.162,0.026,0.053,-0.318
Palau,Michael Sims,hyper-defensive,Jeffrey Frye,D,-0.874,-0.185,0.024,-0.306,-1.059
Palau,Michael Sims,hyper-defensive,Troy Bowman,G,1.788,-0.259,-1.627,-0.580,1.528
Palau,Michael Sims,hyper-defensive,Joseph Taylor,G,-0.553,-0.831,-1.027,0.508,-1.383
Anguilla,Danielle Miller,star-centric,Benjamin Escobar,F,0.126,-1.162,-0.617,-1.274,-1.036
Anguilla,Danielle Miller,star-centric,Anthony Bailey,F,0.891,-2.049,-0.213,0.313,-1.158
Anguilla,Danielle Miller,star-centric,Andres Delgado,F,0.747,0.675,-0.890,0.244,1.422
Anguilla,Danielle Miller,star-centric,Michael Jordan,F,-0.181,-0.194,1.800,-0.826,-0.375
Anguilla,Danielle Miller,star-centric,Richard Henderson,F,0.449,0.492,-0.504,-0.376,0.941
Anguilla,Danielle Miller,star-centric,Erik Walsh,F,-0.340,-0.544,-0.176,1.221,-0.884
Anguilla,Danielle Miller,star-centric,Marvin Porter,F,0.366,1.192,0.855,0.163,1.558
Anguilla,Danielle Miller,star-centric,Gregory Sanchez,F,1.177,-1.422,1.012,0.751,-0.246
Anguilla,Danielle Miller,star-centric,David Chavez,F,1.403,1.087,2.037,-0.015,2.489
Anguilla,Danielle Miller,star-centric,Joshua James,F,-1.325,-0.271,0.005,0.474,-1.597
Anguilla,Danielle Miller,star-centric,Tyler Wolfe,F,-0.725,-0.211,1.904,1.554,-0.936
Anguilla,Danielle Miller,star-centric,Zachary Garcia,F,-0.325,0.237,0.799,0.621,-0.088
Anguilla,Danielle Miller,star-centric,Jerry Macdonald,D,-0.762,0.648,1.207,-2.592,-0.113
Anguilla,Danielle Miller,star-centric,Robert Howard,D,0.381,-0.026,1.179,1.036,0.355
Anguilla,Danielle Miller,star-centric,Joseph Jenkins,D,-0.366,1.326,0.035,-1.028,0.961
Anguilla,Danielle Miller,star-centric,Jake Wood,D,-0.333,2.276,1.244,0.799,1.943
Anguilla,Danielle Miller,star-centric,James Howell,D,-0.758,0.482,-0.497,-3.273,-0.276
Anguilla,Danielle Miller,star-centric,David Nash,D,0.239,1.597,-0.263,2.020,1.836
Anguilla,Danielle Miller,star-centric,Seth Moore,G,0.079,-0.147,0.345,-0.781,-0.068
Anguilla,Danielle Miller,star-centric,Steven Matthews,G,-1.020,0.602,1.170,0.159,-0.417
Syrian Arab Republic,Daryl Horton,star-centric,Hector Thomas,F,-0.135,0.925,0.475,-0.046,0.790
Syrian Arab Republic,Daryl Horton,star-centric,Randall Maynard,F,1.410,0.307,0.669,1.281,1.718
Syrian Arab Republic,Daryl Horton,star-centric,Chad Wright,F,-0.975,-1.253,-0.703,1.809,-2.228
Syrian Arab Republic,Daryl Horton,star-centric,Tom Baird,F,0.895,1.164,-1.299,0.902,2.058
Syrian Arab Republic,Daryl Horton,star-centric,Paul Buchanan,F,-0.076,-0.146,-0.127,0.598,-0.223
Syrian Arab Republic,Daryl Horton,star-centric,Maurice Smith,F,-0.062,-0.271,-1.128,0.775,-0.333
Syrian Arab Republic,Daryl Horton,star-centric,Bernard Holmes,F,0.285,-0.132,0.967,-1.055,0.153
Syrian Arab Republic,Daryl Horton,star-centric,Jorge Douglas,F,1.122,0.182,-0.448,-0.998,1.304
Syrian Arab Republic,Daryl Horton,star-centric,Donald Norman,F,0.317,1.695,1.265,-0.590,2.011
Syrian Arab Republic,Daryl Horton,star-centric,Stephen Montes,F,-1.525,1.070,-0.491,1.155,-0.455
Syrian Arab Republic,Daryl Horton,star-centric,Thomas Owens,F,0.280,2.381,-1.450,0.269,2.661
Syrian Arab Republic,Daryl Horton,star-centric,Gregory Stephens,F,0.095,-0.303,-1.823,-0.662,-0.209
Syrian Arab Republic,Daryl Horton,star-centric,Richard Williams,D,0.111,-0.147,1.920,1.176,-0.036
Syrian Arab Republic,Daryl Horton,star-centric,Nicholas Martinez,D,-1.198,-0.578,-1.213,0.852,-1.776
Syrian Arab Republic,Daryl Horton,star-centric,Timothy Clark,D,-0.393,1.052,0.283,0.334,0.659
Syrian Arab Republic,Daryl Horton,star-centric,Johnathan Smith,D,-0.499,-2.554,-0.355,-2.211,-3.053
Syrian Arab Republic,Daryl Horton,star-centric,Derek Roth,D,-1.050,0.917,-0.789,-1.208,-0.133
Syrian Arab Republic,Daryl Horton,star-centric,Adrian Lopez,D,1.314,0.191,-0.236,1.007,1.504
Syrian Arab Republic,Daryl Horton,star-centric,Nicholas Santiago,G,1.938,-1.461,0.261,0.158,0.477
Syrian Arab Republic,Daryl Horton,star-centric,Matthew Lee,G,-2.481,-0.600,-0.676,0.237,-3.081
Zambia,Sarah Holmes,complementary,Brett Calhoun,F,1.555,0.228,-1.214,-0.315,1.782
Zambia,Sarah Holmes,complementary,Erik Woods,F,0.267,-2.209,-0.302,0.993,-1.942
Zambia,Sarah Holmes,complementary,Scott Huerta,F,-0.943,1.918,-0.643,-0.973,0.976
Zambia,Sarah Holmes,complementary,Mark Collins,F,-0.342,-1.830,-0.486,-1.325,-2.172
Zambia,Sarah Holmes,complementary,John Meyers,F,0.920,-1.430,-1.045,-0.110,-0.509
Zambia,Sarah Holmes,complementary,Eric Gibson,F,0.465,-1.364,0.681,0.537,-0.899
Zambia,Sarah Holmes,complementary,Thomas Smith,F,0.084,-2.578,0.828,-0.820,-2.494
Zambia,Sarah Holmes,complementary,Paul Perez,F,-0.395,-1.049,0.123,-1.166,-1.445
Zambia,Sarah Holmes,complementary,Kenneth Reynolds,F,-0.390,-0.205,-0.622,-0.213,-0.596
Zambia,Sarah Holmes,complementary,Michael Kennedy,F,-0.270,0.743,-1.379,1.104,0.473
Zambia,Sarah Holmes,complementary,Michael Burke,F,1.530,0.696,0.566,0.360,2.225
Zambia,Sarah Holmes,complementary,Corey Giles,F,-0.602,-0.934,-1.231,0.740,-1.537
Zambia,Sarah Holmes,complementary,Jeffery Trujillo,D,-0.386,-0.438,0.700,-1.813,-0.824
Zambia,Sarah Holmes,complementary,Luis Morris,D,-1.049,0.268,0.716,1.968,-0.781
Zambia,Sarah Holmes,complementary,Matthew Rubio,D,-0.080,0.973,-2.099,2.334,0.893
Zambia,Sarah Holmes,complementary,William Simmons,D,0.463,-1.467,-0.799,1.062,-1.004
Zambia,Sarah Holmes,complementary,Michael Jones,D,0.663,-0.436,0.087,0.951,0.227
Zambia,Sarah Holmes,complementary,Christopher Nelson,D,0.312,-0.659,-0.001,-0.556,-0.346
Zambia,Sarah Holmes,complementary,Joshua Moss,G,0.157,-1.200,0.558,-1.209,-1.043
Zambia,Sarah Holmes,complementary,Hayden Miller,G,-1.013,-0.139,-0.790,1.481,-1.152
Holy See (Vatican City State),Marilyn Ortega,star-centric,Jordan Rios,F,0.326,-0.773,0.256,0.142,-0.447
Holy See (Vatican City State),Marilyn Ortega,star-centric,Anthony Barber,F,1.067,-0.450,-1.264,0.605,0.617
Holy See (Vatican City State),Marilyn Ortega,star-centric,Bill Webb,F,1.613,0.577,-0.895,0.409,2.191
Holy See (Vatican City State),Marilyn Ortega,star-centric,Gregory Dickerson,F,0.904,1.074,0.532,0.335,1.978
Holy See (Vatican City State),Marilyn Ortega,star-centric,Stanley Mann,F,-0.085,-0.600,-0.871,-0.997,-0.684
Holy See (Vatican City State),Marilyn Ortega,star-centric,John Kennedy,F,0.140,1.847,-0.695,-0.186,1.987
Holy See (Vatican City State),Marilyn Ortega,star-centric,John Peterson,F,-0.033,0.850,-1.724,-0.711,0.817
Holy See (Vatican City State),Marilyn Ortega,star-centric,Joseph Novak,F,0.984,1.141,0.591,-0.745,2.125
Holy See (Vatican City State),Marilyn Ortega,star-centric,John Cannon,F,0.097,0.219,-0.255,-1.222,0.317
Holy See (Vatican City State),Marilyn Ortega,star-centric,Justin Nichols,F,-0.728,-0.944,-1.935,-0.398,-1.673
Holy See (Vatican City State),Marilyn Ortega,star-centric,Mario Maldonado,F,-0.100,0.963,-0.079,2.348,0.864
Holy See (Vatican City State),Marilyn Ortega,star-centric,Erik Johnson,F,0.534,1.349,-0.824,0.096,1.884
Holy See (Vatican City State),Marilyn Ortega,star-centric,Daniel Hays,D,-1.979,1.873,1.122,1.613,-0.105
Holy See (Vatican City State),Marilyn Ortega,star-centric,Bradley Gibbs,D,-1.245,0.376,1.008,0.314,-0.870
Holy See (Vatican City State),Marilyn Ortega,star-centric,Henry Hernandez,D,-1.857,-0.230,0.605,-0.398,-2.087
Holy See (Vatican City State),Marilyn Ortega,star-centric,Michael Jordan 2,D,-0.196,-0.218,0.050,0.154,-0.414
Holy See (Vatican City State),Marilyn Ortega,star-centric,Stephen Perez,D,0.666,1.600,0.800,-0.758,2.266
Holy See (Vatican City State),Marilyn Ortega,star-centric,Tony Lewis,D,0.823,-1.877,-0.225,0.058,-1.054
Holy See (Vatican City State),Marilyn Ortega,star-centric,Daniel Alvarez,G,0.030,-0.779,0.637,-0.203,-0.750
Holy See (Vatican City State),Marilyn Ortega,star-centric,Joseph Martin,G,-1.197,0.554,0.071,-0.498,-0.643
Iceland,John Schmidt,hyper-offensive,Caleb Lucas,F,0.661,0.740,1.394,-0.211,1.401
Iceland,John Schmidt,hyper-offensive,Jordan Good,F,0.713,-0.022,-0.315,-0.830,0.692
Iceland,John Schmidt,hyper-offensive,James Wilson,F,-0.643,-0.345,0.552,-1.086,-0.988
Iceland,John Schmidt,hyper-offensive,George Downs,F,-0.069,-1.006,-1.098,0.163,-1.074
Iceland,John Schmidt,hyper-offensive,Jason Evans,F,0.039,-1.098,-0.439,0.869,-1.058
Iceland,John Schmidt,hyper-offensive,Christopher Reynolds,F,2.079,2.080,-0.990,-1.142,4.158
Iceland,John Schmidt,hyper-offensive,Kevin Villarreal,F,1.008,-0.221,-1.407,0.196,0.787
Iceland,John Schmidt,hyper-offensive,Richard Goodwin,F,-2.039,-1.027,0.980,-1.175,-3.066
Iceland,John Schmidt,hyper-offensive,Timothy Levine,F,-0.433,-0.926,0.454,-0.329,-1.359
Iceland,John Schmidt,hyper-offensive,Bernard Cortez,F,0.674,0.256,0.910,0.294,0.930
Iceland,John Schmidt,hyper-offensive,Michael Ford,F,0.665,2.354,-0.362,0.926,3.019
Iceland,John Schmidt,hyper-offensive,James Ross,F,-0.807,0.886,-0.095,-0.846,0.079
Iceland,John Schmidt,hyper-offensive,Jeffrey Harris,D,-0.230,0.342,-1.223,1.282,0.112
Iceland,John Schmidt,hyper-offensive,Jeremy Powell,D,2.324,0.667,0.007,1.062,2.991
Iceland,John Schmidt,hyper-offensive,Michael Johnson,D,-1.026,0.863,-0.300,0.276,-0.163
Iceland,John Schmidt,hyper-offensive,David Rogers,D,0.687,3.152,0.843,-0.028,3.839
Iceland,John Schmidt,hyper-offensive,Mitchell Knox,D,-1.719,-0.595,-0.960,-1.873,-2.313
Iceland,John Schmidt,hyper-offensive,Jonathan Jordan,D,1.010,0.404,0.081,-0.978,1.414
Iceland,John Schmidt,hyper-offensive,Scott Delgado,G,-0.829,0.795,-1.627,1.437,-0.034
Iceland,John Schmidt,hyper-offensive,Matthew Farmer,G,-1.461,-2.801,1.883,0.374,-4.262
Solomon Islands,Steven George,star-centric,Michael Mitchell,F,1.666,-1.306,1.562,-0.095,0.360
Solomon Islands,Steven George,star-centric,Joseph Johnson,F,-1.797,1.775,-0.300,0.250,-0.023
Solomon Islands,Steven George,star-centric,Mason Burns,F,-0.319,-0.517,-1.171,0.528,-0.835
Solomon Islands,Steven George,star-centric,George King,F,-1.378,-0.322,0.491,0.175,-1.701
Solomon Islands,Steven George,star-centric,Andrew Anderson,F,-1.275,-1.027,-1.401,-0.690,-2.303
Solomon Islands,Steven George,star-centric,Eduardo Stark,F,0.814,0.724,-0.467,-0.813,1.538
Solomon Islands,Steven George,star-centric,Ryan Sanford,F,1.889,-1.715,-2.389,0.503,0.174
Solomon Islands,Steven George,star-centric,Anthony Smith,F,0.188,-0.074,-1.890,-1.534,0.114
Solomon Islands,Steven George,star-centric,Shane Gardner,F,0.935,0.085,-0.161,-1.766,1.020
Solomon Islands,Steven George,star-centric,Jorge Hodges,F,1.949,0.474,0.828,-1.656,2.423
Solomon Islands,Steven George,star-centric,Dustin Gibson,F,-0.334,-1.168,1.672,1.770,-1.501
Solomon Islands,Steven George,star-centric,Richard Montoya,F,-1.081,-0.190,1.389,1.132,-1.271
Solomon Islands,Steven George,star-centric,Christopher Levy,D,-0.201,-0.648,-0.135,1.232,-0.849
Solomon Islands,Steven George,star-centric,Bruce Edwards,D,0.024,-0.242,-0.158,-0.646,-0.218
Solomon Islands,Steven George,star-centric,Michael Sanders,D,0.347,-0.987,0.054,0.236,-0.640
Solomon Islands,Steven George,star-centric,Peter Mccarthy,D,-1.295,2.151,-1.179,0.031,0.856
Solomon Islands,Steven George,star-centric,Nicholas Jones,D,-1.231,0.634,1.211,-0.086,-0.597
Solomon Islands,Steven George,star-centric,Drew Smith,D,1.172,0.725,-0.252,0.205,1.897
Solomon Islands,Steven George,star-centric,Daniel Fox,G,0.673,0.843,-0.924,1.812,1.516
Solomon Islands,Steven George,star-centric,Ralph Clark,G,-0.447,0.118,1.163,-0.063,-0.329
Czech Republic,Ashley Waller,hyper-offensive,Bradley Harrison,F,0.340,-0.790,-0.047,0.481,-0.449
Czech Republic,Ashley Waller,hyper-offensive,Kristopher Collins,F,0.417,-0.448,0.262,0.716,-0.030
Czech Republic,Ashley Waller,hyper-offensive,James Hudson,F,0.090,-0.778,-1.238,0.612,-0.688
Czech Republic,Ashley Waller,hyper-offensive,Joe Oconnor,F,0.721,-1.068,1.192,-0.133,-0.347
Czech Republic,Ashley Waller,hyper-offensive,Kenneth Wheeler,F,-0.067,0.844,0.839,0.764,0.778
Czech Republic,Ashley Waller,hyper-offensive,Philip Jones,F,-0.340,2.071,-1.503,0.342,1.731
Czech Republic,Ashley Waller,hyper-offensive,Christopher Arnold,F,-1.224,-0.971,0.319,0.457,-2.195
Czech Republic,Ashley Waller,hyper-offensive,Christopher Case,F,0.861,-1.287,0.364,-0.815,-0.426
Czech Republic,Ashley Waller,hyper-offensive,Bruce Odonnell,F,-0.705,0.187,-0.306,-1.221,-0.518
Czech Republic,Ashley Waller,hyper-offensive,Keith Jones,F,-1.554,-1.667,0.240,-0.031,-3.221
Czech Republic,Ashley Waller,hyper-offensive,Joseph Lambert,F,-0.252,0.322,0.295,0.690,0.071
Czech Republic,Ashley Waller,hyper-offensive,Harry Stone,F,0.538,-0.607,-0.565,1.763,-0.069
Czech Republic,Ashley Waller,hyper-offensive,Jared Massey,D,-0.970,-1.218,-0.264,-0.253,-2.188
Czech Republic,Ashley Waller,hyper-offensive,Philip Herrera,D,0.396,1.899,0.131,-0.788,2.295
Czech Republic,Ashley Waller,hyper-offensive,Bryan Ware,D,-0.532,0.311,1.407,2.211,-0.221
Czech Republic,Ashley Waller,hyper-offensive,Eric French,D,-0.154,-0.827,0.599,0.750,-0.981
Czech Republic,Ashley Waller,hyper-offensive,Christopher Chambers,D,-0.376,0.376,1.204,1.046,0.000
Czech Republic,Ashley Waller,hyper-offensive,Michael Reynolds 2,D,0.775,-1.113,-1.476,1.241,-0.338
Czech Republic,Ashley Waller,hyper-offensive,Christopher Ali,G,-0.251,-2.651,-0.260,0.090,-2.902
Czech Republic,Ashley Waller,hyper-offensive,John Guzman,G,-1.972,-0.848,0.687,-1.913,-2.820
Bhutan,Michael Kelly,complementary,Stanley Mcdaniel,F,0.639,1.175,0.373,1.347,1.814
Bhutan,Michael Kelly,complementary,James Cook,F,-0.043,-0.241,-0.221,0.514,-0.284
Bhutan,Michael Kelly,complementary,Darren Phillips,F,1.533,1.361,1.260,-0.468,2.894
Bhutan,Michael Kelly,complementary,Reginald Davis,F,0.525,-1.713,-1.614,-0.796,-1.188
Bhutan,Michael Kelly,complementary,John Vasquez,F,-0.050,-0.269,-1.765,0.689,-0.319
Bhutan,Michael Kelly,complementary,Phillip Koch,F,-0.585,-0.370,-1.207,0.463,-0.955
Bhutan,Michael Kelly,complementary,Jay Riley,F,-0.965,-0.079,-2.717,-0.796,-1.044
Bhutan,Michael Kelly,complementary,Eugene Reynolds,F,-0.031,0.077,1.309,-1.075,0.046
Bhutan,Michael Kelly,complementary,Tommy Kelly,F,-0.353,0.672,-0.331,-0.420,0.319
Bhutan,Michael Kelly,complementary,Wesley Oliver,F,-1.180,1.161,-1.039,-1.220,-0.020
Bhutan,Michael Kelly,complementary,Joshua Smith,F,0.820,0.273,-0.253,2.297,1.093
Bhutan,Michael Kelly,complementary,Joseph Jackson,F,-1.069,-0.416,0.498,-0.475,-1.484
Bhutan,Michael Kelly,complementary,Gerald Gilmore,D,0.448,0.689,-0.600,-1.799,1.137
Bhutan,Michael Kelly,complementary,Kyle Hobbs,D,0.290,-0.122,0.018,-0.568,0.168
Bhutan,Michael Kelly,complementary,Ronald Rice,D,-0.238,1.838,-0.728,-1.707,1.600
Bhutan,Michael Kelly,complementary,James Holmes,D,-0.416,-0.626,-2.406,0.518,-1.042
Bhutan,Michael Kelly,complementary,Michael Turner,D,-1.105,0.628,1.953,0.441,-0.477
Bhutan,Michael Kelly,complementary,Douglas Rush,D,-0.183,-1.244,-1.218,0.003,-1.427
Bhutan,Michael Kelly,complementary,Connor Bridges,G,0.659,-1.499,-1.001,0.295,-0.839
Bhutan,Michael Kelly,complementary,Kevin Lynch,G,-0.136,-1.562,-0.187,-0.620,-1.699
Guyana,Robert Ramsey,balanced,Gregory West,F,-1.974,-0.709,0.164,-0.701,-2.683
Guyana,Robert Ramsey,balanced,Douglas Callahan,F,0.017,0.281,0.062,-0.086,0.298
Guyana,Robert Ramsey,balanced,Paul Fisher,F,0.578,-1.714,-2.365,1.380,-1.136
Guyana,Robert Ramsey,balanced,John Morales,F,-0.612,-0.685,-1.623,1.140,-1.297
Guyana,Robert Ramsey,balanced,Robert Brooks,F,-0.830,0.839,0.751,-0.122,0.009
Guyana,Robert Ramsey,balanced,Anthony Orozco,F,0.565,1.582,-0.916,1.197,2.147
Guyana,Robert Ramsey,balanced,Ralph Cruz,F,-1.091,0.015,-0.271,0.366,-1.077
Guyana,Robert Ramsey,balanced,Randy Frost,F,0.556,0.520,-0.574,-0.757,1.076
Guyana,Robert Ramsey,balanced,Jeremy Morgan,F,-1.270,-2.020,-0.805,1.542,-3.290
Guyana,Robert Ramsey,balanced,Richard Hays,F,-0.654,1.021,-0.015,-0.340,0.367
Guyana,Robert Ramsey,balanced,Keith Griffith,F,0.081,-2.615,0.989,0.534,-2.534
Guyana,Robert Ramsey,balanced,Juan Carr,F,-0.006,0.167,1.450,-1.614,0.161
Guyana,Robert Ramsey,balanced,Tyler Houston,D,-0.649,0.372,0.319,-0.413,-0.277
Guyana,Robert Ramsey,balanced,Michael West,D,0.141,0.126,-1.797,-0.328,0.266
Guyana,Robert Ramsey,balanced,John Edwards,D,-0.521,1.313,0.823,0.141,0.792
Guyana,Robert Ramsey,balanced,Ryan Davis,D,0.229,-0.805,0.585,-1.163,-0.576
Guyana,Robert Ramsey,balanced,Zachary Rogers,D,-2.659,1.443,0.992,-0.560,-1.216
Guyana,Robert Ramsey,balanced,Jacob West,D,-0.133,-0.546,0.548,-0.845,-0.679
Guyana,Robert Ramsey,balanced,Darrell Smith,G,-0.087,-1.574,0.546,0.353,-1.661
Guyana,Robert Ramsey,balanced,Robert Jones,G,-0.471,-0.447,-0.467,-0.380,-0.918
Madagascar,Paige Lee,hyper-offensive,Ryan Duncan,F,0.210,1.173,0.965,1.343,1.383
Madagascar,Paige Lee,hyper-offensive,Christian Cox,F,1.622,1.748,0.263,-0.166,3.370
Madagascar,Paige Lee,hyper-offensive,Richard Holland,F,-0.078,0.783,0.994,0.049,0.705
Madagascar,Paige Lee,hyper-offensive,Colin Farrell,F,-1.499,0.153,1.429,0.185,-1.346
Madagascar,Paige Lee,hyper-offensive,Richard Coleman,F,-1.028,0.952,-0.478,0.175,-0.076
Madagascar,Paige Lee,hyper-offensive,Eugene Grimes,F,-1.228,-2.434,2.138,-2.295,-3.662
Madagascar,Paige Lee,hyper-offensive,David White,F,-1.013,-0.371,-0.441,-0.427,-1.384
Madagascar,Paige Lee,hyper-offensive,Marcus Santos,F,0.551,0.038,-0.673,-0.531,0.589
Madagascar,Paige Lee,hyper-offensive,Luis Herman,F,-0.606,-0.221,0.338,-2.826,-0.827
Madagascar,Paige Lee,hyper-offensive,Craig Powell,F,-0.481,0.879,-1.644,0.973,0.397
Madagascar,Paige Lee,hyper-offensive,Earl Turner,F,0.785,-2.407,-0.944,-0.815,-1.622
Madagascar,Paige Lee,hyper-offensive,Michael Collins,F,0.305,0.958,1.190,-1.652,1.263
Madagascar,Paige Lee,hyper-offensive,Gregory Perez,D,-2.198,-0.440,0.935,1.212,-2.638
Madagascar,Paige Lee,hyper-offensive,Eric Parker,D,1.004,0.692,0.648,-0.510,1.696
Madagascar,Paige Lee,hyper-offensive,Frank Anderson,D,-0.522,-1.726,-1.886,0.804,-2.248
Madagascar,Paige Lee,hyper-offensive,Jeffrey Henderson,D,-0.085,-0.652,-0.747,-0.967,-0.737
Madagascar,Paige Lee,hyper-offensive,Zachary Mack,D,0.950,2.186,-0.537,-1.719,3.136
Madagascar,Paige Lee,hyper-offensive,Samuel Dixon,D,-0.203,-1.550,-2.404,-0.153,-1.753
Madagascar,Paige Lee,hyper-offensive,Jeremy Morris,G,-0.588,0.013,-0.518,0.715,-0.575
Madagascar,Paige Lee,hyper-offensive,Scott Mitchell,G,-0.126,0.502,-2.211,1.852,0.376
Norway,Steven Ward,complementary,Michael Obrien,F,-1.070,0.280,0.803,-1.975,-0.790
Norway,Steven Ward,complementary,Gabriel Henderson,F,-0.616,-0.993,-0.861,0.891,-1.609
Norway,Steven Ward,complementary,William Knox,F,-0.258,0.609,-1.949,0.461,0.352
Norway,Steven Ward,complementary,Matthew Kramer,F,-2.583,-0.646,0.560,-1.362,-3.228
Norway,Steven Ward,complementary,William Garcia,F,0.302,-0.576,0.586,-1.894,-0.275
Norway,Steven Ward,complementary,Ronald Lucas,F,0.438,0.558,-0.616,0.754,0.996
Norway,Steven Ward,complementary,Joshua Franklin,F,-0.400,-0.767,0.560,0.862,-1.167
Norway,Steven Ward,complementary,Patrick Wong,F,0.214,0.670,-0.181,0.185,0.883
Norway,Steven Ward,complementary,Casey Bowers,F,1.648,1.971,-0.184,-0.490,3.619
Norway,Steven Ward,complementary,Carlos Evans,F,1.119,1.078,-0.725,-1.408,2.196
Norway,Steven Ward,complementary,Christian Simpson,F,-0.442,-0.031,0.800,1.097,-0.473
Norway,Steven Ward,complementary,John Perez,F,1.051,0.664,-0.129,0.536,1.715
Norway,Steven Ward,complementary,William Santana,D,-0.653,-0.572,0.441,-0.163,-1.225
Norway,Steven Ward,complementary,Mark Robles,D,-0.002,0.498,-0.688,-0.044,0.496
Norway,Steven Ward,complementary,Lee Powers,D,1.161,1.607,1.031,0.228,2.768
Norway,Steven Ward,complementary,Travis Stephens,D,-0.009,-1.724,0.020,-0.632,-1.732
Norway,Steven Ward,complementary,James Johnson,D,0.761,-0.061,1.875,-0.241,0.700
Norway,Steven Ward,complementary,Scott Carlson,D,1.177,-1.735,-0.666,-2.088,-0.559
Norway,Steven Ward,complementary,Stephen Clark,G,-0.793,0.525,-0.699,-1.413,-0.268
Norway,Steven Ward,complementary,Alex Taylor,G,0.084,0.295,-0.161,-0.436,0.379
Saint Barthelemy,Timothy Williams,complementary,Gregory Gomez,F,-1.127,-0.058,0.872,0.334,-1.185
Saint Barthelemy,Timothy Williams,complementary,Justin Watts,F,-0.994,-0.048,1.079,1.457,-1.042
Saint Barthelemy,Timothy Williams,complementary,Mark White,F,-1.445,-1.221,0.628,-1.849,-2.666
Saint Barthelemy,Timothy Williams,complementary,Rodney Short,F,0.947,-1.016,-1.444,0.409,-0.069
Saint Barthelemy,Timothy Williams,complementary,Ray Walton,F,0.704,-0.253,-0.809,-0.476,0.451
Saint Barthelemy,Timothy Williams,complementary,Robert Rodriguez,F,-0.093,-1.058,-0.238,0.440,-1.151
Saint Barthelemy,Timothy Williams,complementary,Roy Benson,F,0.362,-0.163,0.296,-0.292,0.199
Saint Barthelemy,Timothy Williams,complementary,Anthony Parsons,F,1.161,-0.481,-0.523,0.090,0.680
Saint Barthelemy,Timothy Williams,complementary,Tyler Bridges,F,1.375,-0.165,1.634,-2.160,1.210
Saint Barthelemy,Timothy Williams,complementary,Antonio Johnson,F,0.460,-0.102,0.624,0.773,0.357
Saint Barthelemy,Timothy Williams,complementary,Lawrence Wilkerson,F,-1.321,-0.182,0.160,0.178,-1.503
Saint Barthelemy,Timothy Williams,complementary,Kevin Thomas,F,1.305,1.679,-0.526,-0.591,2.984
Saint Barthelemy,Timothy Williams,complementary,David Alvarez,D,-1.254,-1.545,2.077,0.870,-2.799
Saint Barthelemy,Timothy Williams,complementary,Eddie Jones,D,2.128,-0.087,1.174,0.094,2.041
Saint Barthelemy,Timothy Williams,complementary,Philip Carroll,D,0.474,1.925,0.962,0.887,2.398
Saint Barthelemy,Timothy Williams,complementary,Edward Jones,D,-0.104,0.901,-0.437,-0.785,0.796
Saint Barthelemy,Timothy Williams,complementary,Jeremiah Hawkins,D,-0.770,-0.460,1.296,-1.200,-1.230
Saint Barthelemy,Timothy Williams,complementary,Victor Smith,D,0.474,-0.853,-1.193,-0.098,-0.379
Saint Barthelemy,Timothy Williams,complementary,Ethan Hardy,G,0.239,0.360,-0.213,-0.498,0.599
Saint Barthelemy,Timothy Williams,complementary,Andrew Cox,G,2.744,1.415,-0.532,0.857,4.159
India,Jenna Rollins,complementary,Thomas Weaver,F,0.501,0.718,0.983,0.166,1.219
India,Jenna Rollins,complementary,David Conley,F,0.203,-1.910,0.782,0.330,-1.707
India,Jenna Rollins,complementary,Randy Watson,F,-0.452,-1.662,-0.503,-0.321,-2.114
India,Jenna Rollins,complementary,Jeffrey Rollins,F,1.062,1.442,0.569,1.129,2.504
India,Jenna Rollins,complementary,Allen Sandoval,F,-0.335,0.266,1.013,0.203,-0.068
India,Jenna Rollins,complementary,Joshua Walker,F,-0.850,-0.275,-0.377,0.240,-1.125
India,Jenna Rollins,complementary,Grant Thompson,F,-0.608,0.098,1.971,-1.391,-0.510
India,Jenna Rollins,complementary,Jerry Collins,F,0.341,0.573,0.040,-1.010,0.914
India,Jenna Rollins,complementary,Scott Pope,F,0.560,-0.708,1.439,2.068,-0.148
India,Jenna Rollins,complementary,Oscar White,F,-0.163,0.413,-2.759,-1.116,0.250
India,Jenna Rollins,complementary,Justin Meza,F,-0.479,1.779,1.482,0.561,1.300
India,Jenna Rollins,complementary,Christopher Bennett,F,0.239,0.579,-0.232,0.282,0.818
India,Jenna Rollins,complementary,Robert Nelson,D,0.034,-0.387,-0.374,-0.480,-0.353
India,Jenna Rollins,complementary,William Harrison,D,0.203,-0.563,-0.214,-0.302,-0.360
India,Jenna Rollins,complementary,Eric Knapp,D,0.251,0.853,-0.468,0.729,1.104
India,Jenna Rollins,complementary,Michael Barrett,D,0.498,1.040,0.177,1.424,1.538
India,Jenna Rollins,complementary,Seth Mckee,D,-0.217,-0.919,0.691,-0.444,-1.135
India,Jenna Rollins,complementary,Timothy Stephens,D,0.904,-0.394,0.349,1.362,0.510
India,Jenna Rollins,complementary,Joseph Lopez,G,1.759,-0.633,-0.238,0.940,1.126
India,Jenna Rollins,complementary,Christopher Wright,G,0.307,-0.664,1.009,0.718,-0.357
